jisCode,prefecture,municipality,population,agingRate,latitude,longitude,id
01100,北海道,札幌市,,,,,muni-01100
01101,北海道,札幌市中央区,,,,,muni-01101
01102,北海道,札幌市北区,,,,,muni-01102
01103,北海道,札幌市東区,,,,,muni-01103
01104,北海道,札幌市白石区,,,,,muni-01104
01105,北海道,札幌市豊平区,,,,,muni-01105
01106,北海道,札幌市南区,,,,,muni-01106
01107,北海道,札幌市西区,,,,,muni-01107
01108,北海道,札幌市厚別区,,,,,muni-01108
01109,北海道,札幌市手稲区,,,,,muni-01109
01110,北海道,札幌市清田区,,,,,muni-01110
01202,北海道,函館市,,,,,muni-01202
01203,北海道,小樽市,,,,,muni-01203
01204,北海道,旭川市,,,,,muni-01204
01205,北海道,室蘭市,,,,,muni-01205
01206,北海道,釧路市,,,,,muni-01206
01207,北海道,帯広市,,,,,muni-01207
01208,北海道,北見市,,,,,muni-01208
01209,北海道,夕張市,,,,,muni-01209
01210,北海道,岩見沢市,,,,,muni-01210
01211,北海道,網走市,,,,,muni-01211
01212,北海道,留萌市,,,,,muni-01212
01213,北海道,苫小牧市,,,,,muni-01213
01214,北海道,稚内市,,,,,muni-01214
01215,北海道,美唄市,,,,,muni-01215
01216,北海道,芦別市,,,,,muni-01216
01217,北海道,江別市,,,,,muni-01217
01218,北海道,赤平市,,,,,muni-01218
01219,北海道,紋別市,,,,,muni-01219
01220,北海道,士別市,,,,,muni-01220
01221,北海道,名寄市,,,,,muni-01221
01222,北海道,三笠市,,,,,muni-01222
01223,北海道,根室市,,,,,muni-01223
01224,北海道,千歳市,,,,,muni-01224
01225,北海道,滝川市,,,,,muni-01225
01226,北海道,砂川市,,,,,muni-01226
01227,北海道,歌志内市,,,,,muni-01227
01228,北海道,深川市,,,,,muni-01228
01229,北海道,富良野市,,,,,muni-01229
01230,北海道,登別市,,,,,muni-01230
01231,北海道,恵庭市,,,,,muni-01231
01233,北海道,伊達市,,,,,muni-01233
01234,北海道,北広島市,,,,,muni-01234
01235,北海道,石狩市,,,,,muni-01235
01236,北海道,北斗市,,,,,muni-01236
01303,北海道,当別町,,,,,muni-01303
01304,北海道,新篠津村,,,,,muni-01304
01331,北海道,松前町,,,,,muni-01331
01332,北海道,福島町,,,,,muni-01332
01333,北海道,知内町,,,,,muni-01333
01334,北海道,木古内町,,,,,muni-01334
01337,北海道,七飯町,,,,,muni-01337
01343,北海道,鹿部町,,,,,muni-01343
01345,北海道,森町,,,,,muni-01345
01346,北海道,八雲町,,,,,muni-01346
01347,北海道,長万部町,,,,,muni-01347
01361,北海道,江差町,,,,,muni-01361
01362,北海道,上ノ国町,,,,,muni-01362
01363,北海道,厚沢部町,,,,,muni-01363
01364,北海道,乙部町,,,,,muni-01364
01367,北海道,奥尻町,,,,,muni-01367
01370,北海道,今金町,,,,,muni-01370
01371,北海道,せたな町,,,,,muni-01371
01391,北海道,島牧村,,,,,muni-01391
01392,北海道,寿都町,,,,,muni-01392
01393,北海道,黒松内町,,,,,muni-01393
01394,北海道,蘭越町,,,,,muni-01394
01395,北海道,ニセコ町,,,,,muni-01395
01396,北海道,真狩村,,,,,muni-01396
01397,北海道,留寿都村,,,,,muni-01397
01398,北海道,喜茂別町,,,,,muni-01398
01399,北海道,京極町,,,,,muni-01399
01400,北海道,倶知安町,,,,,muni-01400
01401,北海道,共和町,,,,,muni-01401
01402,北海道,岩内町,,,,,muni-01402
01403,北海道,泊村,,,,,muni-01403
01404,北海道,神恵内村,,,,,muni-01404
01405,北海道,積丹町,,,,,muni-01405
01406,北海道,古平町,,,,,muni-01406
01407,北海道,仁木町,,,,,muni-01407
01408,北海道,余市町,,,,,muni-01408
01409,北海道,赤井川村,,,,,muni-01409
01423,北海道,南幌町,,,,,muni-01423
01424,北海道,奈井江町,,,,,muni-01424
01425,北海道,上砂川町,,,,,muni-01425
01427,北海道,由仁町,,,,,muni-01427
01428,北海道,長沼町,,,,,muni-01428
01429,北海道,栗山町,,,,,muni-01429
01430,北海道,月形町,,,,,muni-01430
01431,北海道,浦臼町,,,,,muni-01431
01432,北海道,新十津川町,,,,,muni-01432
01433,北海道,妹背牛町,,,,,muni-01433
01434,北海道,秩父別町,,,,,muni-01434
01436,北海道,雨竜町,,,,,muni-01436
01437,北海道,北竜町,,,,,muni-01437
01438,北海道,沼田町,,,,,muni-01438
01452,北海道,鷹栖町,,,,,muni-01452
01453,北海道,東神楽町,,,,,muni-01453
01454,北海道,当麻町,,,,,muni-01454
01455,北海道,比布町,,,,,muni-01455
01456,北海道,愛別町,,,,,muni-01456
01457,北海道,上川町,,,,,muni-01457
01458,北海道,東川町,,,,,muni-01458
01459,北海道,美瑛町,,,,,muni-01459
01460,北海道,上富良野町,,,,,muni-01460
01461,北海道,中富良野町,,,,,muni-01461
01462,北海道,南富良野町,,,,,muni-01462
01463,北海道,占冠村,,,,,muni-01463
01464,北海道,和寒町,,,,,muni-01464
01465,北海道,剣淵町,,,,,muni-01465
01468,北海道,下川町,,,,,muni-01468
01469,北海道,美深町,,,,,muni-01469
01470,北海道,音威子府村,,,,,muni-01470
01471,北海道,中川町,,,,,muni-01471
01472,北海道,幌加内町,,,,,muni-01472
01481,北海道,増毛町,,,,,muni-01481
01482,北海道,小平町,,,,,muni-01482
01483,北海道,苫前町,,,,,muni-01483
01484,北海道,羽幌町,,,,,muni-01484
01485,北海道,初山別村,,,,,muni-01485
01486,北海道,遠別町,,,,,muni-01486
01487,北海道,天塩町,,,,,muni-01487
01511,北海道,猿払村,,,,,muni-01511
01512,北海道,浜頓別町,,,,,muni-01512
01513,北海道,中頓別町,,,,,muni-01513
01514,北海道,枝幸町,,,,,muni-01514
01516,北海道,豊富町,,,,,muni-01516
01517,北海道,礼文町,,,,,muni-01517
01518,北海道,利尻町,,,,,muni-01518
01519,北海道,利尻富士町,,,,,muni-01519
01520,北海道,幌延町,,,,,muni-01520
01543,北海道,美幌町,,,,,muni-01543
01544,北海道,津別町,,,,,muni-01544
01545,北海道,斜里町,,,,,muni-01545
01546,北海道,清里町,,,,,muni-01546
01547,北海道,小清水町,,,,,muni-01547
01549,北海道,訓子府町,,,,,muni-01549
01550,北海道,置戸町,,,,,muni-01550
01552,北海道,佐呂間町,,,,,muni-01552
01555,北海道,遠軽町,,,,,muni-01555
01559,北海道,湧別町,,,,,muni-01559
01560,北海道,滝上町,,,,,muni-01560
01561,北海道,興部町,,,,,muni-01561
01562,北海道,西興部村,,,,,muni-01562
01563,北海道,雄武町,,,,,muni-01563
01564,北海道,大空町,,,,,muni-01564
01571,北海道,豊浦町,,,,,muni-01571
01575,北海道,壮瞥町,,,,,muni-01575
01578,北海道,白老町,,,,,muni-01578
01581,北海道,厚真町,,,,,muni-01581
01584,北海道,洞爺湖町,,,,,muni-01584
01585,北海道,安平町,,,,,muni-01585
01586,北海道,むかわ町,,,,,muni-01586
01601,北海道,日高町,,,,,muni-01601
01602,北海道,平取町,,,,,muni-01602
01604,北海道,新冠町,,,,,muni-01604
01607,北海道,浦河町,,,,,muni-01607
01608,北海道,様似町,,,,,muni-01608
01609,北海道,えりも町,,,,,muni-01609
01610,北海道,新ひだか町,,,,,muni-01610
01631,北海道,音更町,,,,,muni-01631
01632,北海道,士幌町,,,,,muni-01632
01633,北海道,上士幌町,,,,,muni-01633
01634,北海道,鹿追町,,,,,muni-01634
01635,北海道,新得町,,,,,muni-01635
01636,北海道,清水町,,,,,muni-01636
01637,北海道,芽室町,,,,,muni-01637
01638,北海道,中札内村,,,,,muni-01638
01639,北海道,更別村,,,,,muni-01639
01641,北海道,大樹町,,,,,muni-01641
01642,北海道,広尾町,,,,,muni-01642
01643,北海道,幕別町,,,,,muni-01643
01644,北海道,池田町,,,,,muni-01644
01645,北海道,豊頃町,,,,,muni-01645
01646,北海道,本別町,,,,,muni-01646
01647,北海道,足寄町,,,,,muni-01647
01648,北海道,陸別町,,,,,muni-01648
01649,北海道,浦幌町,,,,,muni-01649
01661,北海道,釧路町,,,,,muni-01661
01662,北海道,厚岸町,,,,,muni-01662
01663,北海道,浜中町,,,,,muni-01663
01664,北海道,標茶町,,,,,muni-01664
01665,北海道,弟子屈町,,,,,muni-01665
01667,北海道,鶴居村,,,,,muni-01667
01668,北海道,白糠町,,,,,muni-01668
01691,北海道,別海町,,,,,muni-01691
01692,北海道,中標津町,,,,,muni-01692
01693,北海道,標津町,,,,,muni-01693
01694,北海道,羅臼町,,,,,muni-01694
01695,北海道,色丹村,,,,,muni-01695
01696,北海道,泊村,,,,,muni-01696
01697,北海道,留夜別村,,,,,muni-01697
01698,北海道,留別村,,,,,muni-01698
01699,北海道,紗那村,,,,,muni-01699
01700,北海道,蘂取村,,,,,muni-01700
02201,青森県,青森市,,,,,muni-02201
02202,青森県,弘前市,,,,,muni-02202
02203,青森県,八戸市,,,,,muni-02203
02204,青森県,黒石市,,,,,muni-02204
02205,青森県,五所川原市,,,,,muni-02205
02206,青森県,十和田市,,,,,muni-02206
02207,青森県,三沢市,,,,,muni-02207
02208,青森県,むつ市,,,,,muni-02208
02209,青森県,つがる市,,,,,muni-02209
02210,青森県,平川市,,,,,muni-02210
02301,青森県,平内町,,,,,muni-02301
02303,青森県,今別町,,,,,muni-02303
02304,青森県,蓬田村,,,,,muni-02304
02307,青森県,外ヶ浜町,,,,,muni-02307
02321,青森県,鰺ヶ沢町,,,,,muni-02321
02323,青森県,深浦町,,,,,muni-02323
02343,青森県,西目屋村,,,,,muni-02343
02361,青森県,藤崎町,,,,,muni-02361
02362,青森県,大鰐町,,,,,muni-02362
02367,青森県,田舎館村,,,,,muni-02367
02381,青森県,板柳町,,,,,muni-02381
02384,青森県,鶴田町,,,,,muni-02384
02387,青森県,中泊町,,,,,muni-02387
02401,青森県,野辺地町,,,,,muni-02401
02402,青森県,七戸町,,,,,muni-02402
02405,青森県,六戸町,,,,,muni-02405
02406,青森県,横浜町,,,,,muni-02406
02408,青森県,東北町,,,,,muni-02408
02411,青森県,六ヶ所村,,,,,muni-02411
02412,青森県,おいらせ町,,,,,muni-02412
02423,青森県,大間町,,,,,muni-02423
02424,青森県,東通村,,,,,muni-02424
02425,青森県,風間浦村,,,,,muni-02425
02426,青森県,佐井村,,,,,muni-02426
02441,青森県,三戸町,,,,,muni-02441
02442,青森県,五戸町,,,,,muni-02442
02443,青森県,田子町,,,,,muni-02443
02445,青森県,南部町,,,,,muni-02445
02446,青森県,階上町,,,,,muni-02446
02450,青森県,新郷村,,,,,muni-02450
03201,岩手県,盛岡市,,,,,muni-03201
03202,岩手県,宮古市,,,,,muni-03202
03203,岩手県,大船渡市,,,,,muni-03203
03205,岩手県,花巻市,,,,,muni-03205
03206,岩手県,北上市,,,,,muni-03206
03207,岩手県,久慈市,,,,,muni-03207
03208,岩手県,遠野市,,,,,muni-03208
03209,岩手県,一関市,,,,,muni-03209
03210,岩手県,陸前高田市,,,,,muni-03210
03211,岩手県,釜石市,,,,,muni-03211
03213,岩手県,二戸市,,,,,muni-03213
03214,岩手県,八幡平市,,,,,muni-03214
03215,岩手県,奥州市,,,,,muni-03215
03216,岩手県,滝沢市,,,,,muni-03216
03301,岩手県,雫石町,,,,,muni-03301
03302,岩手県,葛巻町,,,,,muni-03302
03303,岩手県,岩手町,,,,,muni-03303
03321,岩手県,紫波町,,,,,muni-03321
03322,岩手県,矢巾町,,,,,muni-03322
03366,岩手県,西和賀町,,,,,muni-03366
03381,岩手県,金ケ崎町,,,,,muni-03381
03402,岩手県,平泉町,,,,,muni-03402
03441,岩手県,住田町,,,,,muni-03441
03461,岩手県,大槌町,,,,,muni-03461
03482,岩手県,山田町,,,,,muni-03482
03483,岩手県,岩泉町,,,,,muni-03483
03484,岩手県,田野畑村,,,,,muni-03484
03485,岩手県,普代村,,,,,muni-03485
03501,岩手県,軽米町,,,,,muni-03501
03503,岩手県,野田村,,,,,muni-03503
03506,岩手県,九戸村,,,,,muni-03506
03507,岩手県,洋野町,,,,,muni-03507
03524,岩手県,一戸町,,,,,muni-03524
04100,宮城県,仙台市,,,,,muni-04100
04101,宮城県,仙台市青葉区,,,,,muni-04101
04102,宮城県,仙台市宮城野区,,,,,muni-04102
04103,宮城県,仙台市若林区,,,,,muni-04103
04104,宮城県,仙台市太白区,,,,,muni-04104
04105,宮城県,仙台市泉区,,,,,muni-04105
04202,宮城県,石巻市,,,,,muni-04202
04203,宮城県,塩竈市,,,,,muni-04203
04205,宮城県,気仙沼市,,,,,muni-04205
04206,宮城県,白石市,,,,,muni-04206
04207,宮城県,名取市,,,,,muni-04207
04208,宮城県,角田市,,,,,muni-04208
04209,宮城県,多賀城市,,,,,muni-04209
04211,宮城県,岩沼市,,,,,muni-04211
04212,宮城県,登米市,,,,,muni-04212
04213,宮城県,栗原市,,,,,muni-04213
04214,宮城県,東松島市,,,,,muni-04214
04215,宮城県,大崎市,,,,,muni-04215
04216,宮城県,富谷市,,,,,muni-04216
04301,宮城県,蔵王町,,,,,muni-04301
04302,宮城県,七ヶ宿町,,,,,muni-04302
04321,宮城県,大河原町,,,,,muni-04321
04322,宮城県,村田町,,,,,muni-04322
04323,宮城県,柴田町,,,,,muni-04323
04324,宮城県,川崎町,,,,,muni-04324
04341,宮城県,丸森町,,,,,muni-04341
04361,宮城県,亘理町,,,,,muni-04361
04362,宮城県,山元町,,,,,muni-04362
04401,宮城県,松島町,,,,,muni-04401
04404,宮城県,七ヶ浜町,,,,,muni-04404
04406,宮城県,利府町,,,,,muni-04406
04421,宮城県,大和町,,,,,muni-04421
04422,宮城県,大郷町,,,,,muni-04422
04424,宮城県,大衡村,,,,,muni-04424
04444,宮城県,色麻町,,,,,muni-04444
04445,宮城県,加美町,,,,,muni-04445
04501,宮城県,涌谷町,,,,,muni-04501
04505,宮城県,美里町,,,,,muni-04505
04581,宮城県,女川町,,,,,muni-04581
04606,宮城県,南三陸町,,,,,muni-04606
05201,秋田県,秋田市,,,,,muni-05201
05202,秋田県,能代市,,,,,muni-05202
05203,秋田県,横手市,,,,,muni-05203
05204,秋田県,大館市,,,,,muni-05204
05206,秋田県,男鹿市,,,,,muni-05206
05207,秋田県,湯沢市,,,,,muni-05207
05209,秋田県,鹿角市,,,,,muni-05209
05210,秋田県,由利本荘市,,,,,muni-05210
05211,秋田県,潟上市,,,,,muni-05211
05212,秋田県,大仙市,,,,,muni-05212
05213,秋田県,北秋田市,,,,,muni-05213
05214,秋田県,にかほ市,,,,,muni-05214
05215,秋田県,仙北市,,,,,muni-05215
05303,秋田県,小坂町,,,,,muni-05303
05327,秋田県,上小阿仁村,,,,,muni-05327
05346,秋田県,藤里町,,,,,muni-05346
05348,秋田県,三種町,,,,,muni-05348
05349,秋田県,八峰町,,,,,muni-05349
05361,秋田県,五城目町,,,,,muni-05361
05363,秋田県,八郎潟町,,,,,muni-05363
05366,秋田県,井川町,,,,,muni-05366
05368,秋田県,大潟村,,,,,muni-05368
05434,秋田県,美郷町,,,,,muni-05434
05463,秋田県,羽後町,,,,,muni-05463
05464,秋田県,東成瀬村,,,,,muni-05464
06201,山形県,山形市,,,,,muni-06201
06202,山形県,米沢市,,,,,muni-06202
06203,山形県,鶴岡市,,,,,muni-06203
06204,山形県,酒田市,,,,,muni-06204
06205,山形県,新庄市,,,,,muni-06205
06206,山形県,寒河江市,,,,,muni-06206
06207,山形県,上山市,,,,,muni-06207
06208,山形県,村山市,,,,,muni-06208
06209,山形県,長井市,,,,,muni-06209
06210,山形県,天童市,,,,,muni-06210
06211,山形県,東根市,,,,,muni-06211
06212,山形県,尾花沢市,,,,,muni-06212
06213,山形県,南陽市,,,,,muni-06213
06301,山形県,山辺町,,,,,muni-06301
06302,山形県,中山町,,,,,muni-06302
06321,山形県,河北町,,,,,muni-06321
06322,山形県,西川町,,,,,muni-06322
06323,山形県,朝日町,,,,,muni-06323
06324,山形県,大江町,,,,,muni-06324
06341,山形県,大石田町,,,,,muni-06341
06361,山形県,金山町,,,,,muni-06361
06362,山形県,最上町,,,,,muni-06362
06363,山形県,舟形町,,,,,muni-06363
06364,山形県,真室川町,,,,,muni-06364
06365,山形県,大蔵村,,,,,muni-06365
06366,山形県,鮭川村,,,,,muni-06366
06367,山形県,戸沢村,,,,,muni-06367
06381,山形県,高畠町,,,,,muni-06381
06382,山形県,川西町,,,,,muni-06382
06401,山形県,小国町,,,,,muni-06401
06402,山形県,白鷹町,,,,,muni-06402
06403,山形県,飯豊町,,,,,muni-06403
06426,山形県,三川町,,,,,muni-06426
06428,山形県,庄内町,,,,,muni-06428
06461,山形県,遊佐町,,,,,muni-06461
07201,福島県,福島市,,,,,muni-07201
07202,福島県,会津若松市,,,,,muni-07202
07203,福島県,郡山市,,,,,muni-07203
07204,福島県,いわき市,,,,,muni-07204
07205,福島県,白河市,,,,,muni-07205
07207,福島県,須賀川市,,,,,muni-07207
07208,福島県,喜多方市,,,,,muni-07208
07209,福島県,相馬市,,,,,muni-07209
07210,福島県,二本松市,,,,,muni-07210
07211,福島県,田村市,,,,,muni-07211
07212,福島県,南相馬市,,,,,muni-07212
07213,福島県,伊達市,,,,,muni-07213
07214,福島県,本宮市,,,,,muni-07214
07301,福島県,桑折町,,,,,muni-07301
07303,福島県,国見町,,,,,muni-07303
07308,福島県,川俣町,,,,,muni-07308
07322,福島県,大玉村,,,,,muni-07322
07342,福島県,鏡石町,,,,,muni-07342
07344,福島県,天栄村,,,,,muni-07344
07362,福島県,下郷町,,,,,muni-07362
07364,福島県,檜枝岐村,,,,,muni-07364
07367,福島県,只見町,,,,,muni-07367
07368,福島県,南会津町,,,,,muni-07368
07402,福島県,北塩原村,,,,,muni-07402
07405,福島県,西会津町,,,,,muni-07405
07407,福島県,磐梯町,,,,,muni-07407
07408,福島県,猪苗代町,,,,,muni-07408
07421,福島県,会津坂下町,,,,,muni-07421
07422,福島県,湯川村,,,,,muni-07422
07423,福島県,柳津町,,,,,muni-07423
07444,福島県,三島町,,,,,muni-07444
07445,福島県,金山町,,,,,muni-07445
07446,福島県,昭和村,,,,,muni-07446
07447,福島県,会津美里町,,,,,muni-07447
07461,福島県,西郷村,,,,,muni-07461
07464,福島県,泉崎村,,,,,muni-07464
07465,福島県,中島村,,,,,muni-07465
07466,福島県,矢吹町,,,,,muni-07466
07481,福島県,棚倉町,,,,,muni-07481
07482,福島県,矢祭町,,,,,muni-07482
07483,福島県,塙町,,,,,muni-07483
07484,福島県,鮫川村,,,,,muni-07484
07501,福島県,石川町,,,,,muni-07501
07502,福島県,玉川村,,,,,muni-07502
07503,福島県,平田村,,,,,muni-07503
07504,福島県,浅川町,,,,,muni-07504
07505,福島県,古殿町,,,,,muni-07505
07521,福島県,三春町,,,,,muni-07521
07522,福島県,小野町,,,,,muni-07522
07541,福島県,広野町,,,,,muni-07541
07542,福島県,楢葉町,,,,,muni-07542
07543,福島県,富岡町,,,,,muni-07543
07544,福島県,川内村,,,,,muni-07544
07545,福島県,大熊町,,,,,muni-07545
07546,福島県,双葉町,,,,,muni-07546
07547,福島県,浪江町,,,,,muni-07547
07548,福島県,葛尾村,,,,,muni-07548
07561,福島県,新地町,,,,,muni-07561
07564,福島県,飯舘村,,,,,muni-07564
08201,茨城県,水戸市,,,,,muni-08201
08202,茨城県,日立市,,,,,muni-08202
08203,茨城県,土浦市,,,,,muni-08203
08204,茨城県,古河市,,,,,muni-08204
08205,茨城県,石岡市,,,,,muni-08205
08207,茨城県,結城市,,,,,muni-08207
08208,茨城県,龍ケ崎市,,,,,muni-08208
08210,茨城県,下妻市,,,,,muni-08210
08211,茨城県,常総市,,,,,muni-08211
08212,茨城県,常陸太田市,,,,,muni-08212
08214,茨城県,高萩市,,,,,muni-08214
08215,茨城県,北茨城市,,,,,muni-08215
08216,茨城県,笠間市,,,,,muni-08216
08217,茨城県,取手市,,,,,muni-08217
08219,茨城県,牛久市,,,,,muni-08219
08220,茨城県,つくば市,,,,,muni-08220
08221,茨城県,ひたちなか市,,,,,muni-08221
08222,茨城県,鹿嶋市,,,,,muni-08222
08223,茨城県,潮来市,,,,,muni-08223
08224,茨城県,守谷市,,,,,muni-08224
08225,茨城県,常陸大宮市,,,,,muni-08225
08226,茨城県,那珂市,,,,,muni-08226
08227,茨城県,筑西市,,,,,muni-08227
08228,茨城県,坂東市,,,,,muni-08228
08229,茨城県,稲敷市,,,,,muni-08229
08230,茨城県,かすみがうら市,,,,,muni-08230
08231,茨城県,桜川市,,,,,muni-08231
08232,茨城県,神栖市,,,,,muni-08232
08233,茨城県,行方市,,,,,muni-08233
08234,茨城県,鉾田市,,,,,muni-08234
08235,茨城県,つくばみらい市,,,,,muni-08235
08236,茨城県,小美玉市,,,,,muni-08236
08302,茨城県,茨城町,,,,,muni-08302
08309,茨城県,大洗町,,,,,muni-08309
08310,茨城県,城里町,,,,,muni-08310
08341,茨城県,東海村,,,,,muni-08341
08364,茨城県,大子町,,,,,muni-08364
08442,茨城県,美浦村,,,,,muni-08442
08443,茨城県,阿見町,,,,,muni-08443
08447,茨城県,河内町,,,,,muni-08447
08521,茨城県,八千代町,,,,,muni-08521
08542,茨城県,五霞町,,,,,muni-08542
08546,茨城県,境町,,,,,muni-08546
08564,茨城県,利根町,,,,,muni-08564
09201,栃木県,宇都宮市,,,,,muni-09201
09202,栃木県,足利市,,,,,muni-09202
09203,栃木県,栃木市,,,,,muni-09203
09204,栃木県,佐野市,,,,,muni-09204
09205,栃木県,鹿沼市,,,,,muni-09205
09206,栃木県,日光市,,,,,muni-09206
09208,栃木県,小山市,,,,,muni-09208
09209,栃木県,真岡市,,,,,muni-09209
09210,栃木県,大田原市,,,,,muni-09210
09211,栃木県,矢板市,,,,,muni-09211
09213,栃木県,那須塩原市,,,,,muni-09213
09214,栃木県,さくら市,,,,,muni-09214
09215,栃木県,那須烏山市,,,,,muni-09215
09216,栃木県,下野市,,,,,muni-09216
09301,栃木県,上三川町,,,,,muni-09301
09342,栃木県,益子町,,,,,muni-09342
09343,栃木県,茂木町,,,,,muni-09343
09344,栃木県,市貝町,,,,,muni-09344
09345,栃木県,芳賀町,,,,,muni-09345
09361,栃木県,壬生町,,,,,muni-09361
09364,栃木県,野木町,,,,,muni-09364
09384,栃木県,塩谷町,,,,,muni-09384
09386,栃木県,高根沢町,,,,,muni-09386
09407,栃木県,那須町,,,,,muni-09407
09411,栃木県,那珂川町,,,,,muni-09411
10201,群馬県,前橋市,,,,,muni-10201
10202,群馬県,高崎市,,,,,muni-10202
10203,群馬県,桐生市,,,,,muni-10203
10204,群馬県,伊勢崎市,,,,,muni-10204
10205,群馬県,太田市,,,,,muni-10205
10206,群馬県,沼田市,,,,,muni-10206
10207,群馬県,館林市,,,,,muni-10207
10208,群馬県,渋川市,,,,,muni-10208
10209,群馬県,藤岡市,,,,,muni-10209
10210,群馬県,富岡市,,,,,muni-10210
10211,群馬県,安中市,,,,,muni-10211
10212,群馬県,みどり市,,,,,muni-10212
10344,群馬県,榛東村,,,,,muni-10344
10345,群馬県,吉岡町,,,,,muni-10345
10366,群馬県,上野村,,,,,muni-10366
10367,群馬県,神流町,,,,,muni-10367
10382,群馬県,下仁田町,,,,,muni-10382
10383,群馬県,南牧村,,,,,muni-10383
10384,群馬県,甘楽町,,,,,muni-10384
10421,群馬県,中之条町,,,,,muni-10421
10424,群馬県,長野原町,,,,,muni-10424
10425,群馬県,嬬恋村,,,,,muni-10425
10426,群馬県,草津町,,,,,muni-10426
10428,群馬県,高山村,,,,,muni-10428
10429,群馬県,東吾妻町,,,,,muni-10429
10443,群馬県,片品村,,,,,muni-10443
10444,群馬県,川場村,,,,,muni-10444
10448,群馬県,昭和村,,,,,muni-10448
10449,群馬県,みなかみ町,,,,,muni-10449
10464,群馬県,玉村町,,,,,muni-10464
10521,群馬県,板倉町,,,,,muni-10521
10522,群馬県,明和町,,,,,muni-10522
10523,群馬県,千代田町,,,,,muni-10523
10524,群馬県,大泉町,,,,,muni-10524
10525,群馬県,邑楽町,,,,,muni-10525
11100,埼玉県,さいたま市,,,,,muni-11100
11101,埼玉県,さいたま市西区,,,,,muni-11101
11102,埼玉県,さいたま市北区,,,,,muni-11102
11103,埼玉県,さいたま市大宮区,,,,,muni-11103
11104,埼玉県,さいたま市見沼区,,,,,muni-11104
11105,埼玉県,さいたま市中央区,,,,,muni-11105
11106,埼玉県,さいたま市桜区,,,,,muni-11106
11107,埼玉県,さいたま市浦和区,,,,,muni-11107
11108,埼玉県,さいたま市南区,,,,,muni-11108
11109,埼玉県,さいたま市緑区,,,,,muni-11109
11110,埼玉県,さいたま市岩槻区,,,,,muni-11110
11201,埼玉県,川越市,,,,,muni-11201
11202,埼玉県,熊谷市,,,,,muni-11202
11203,埼玉県,川口市,,,,,muni-11203
11206,埼玉県,行田市,,,,,muni-11206
11207,埼玉県,秩父市,,,,,muni-11207
11208,埼玉県,所沢市,,,,,muni-11208
11209,埼玉県,飯能市,,,,,muni-11209
11210,埼玉県,加須市,,,,,muni-11210
11211,埼玉県,本庄市,,,,,muni-11211
11212,埼玉県,東松山市,,,,,muni-11212
11214,埼玉県,春日部市,,,,,muni-11214
11215,埼玉県,狭山市,,,,,muni-11215
11216,埼玉県,羽生市,,,,,muni-11216
11217,埼玉県,鴻巣市,,,,,muni-11217
11218,埼玉県,深谷市,,,,,muni-11218
11219,埼玉県,上尾市,,,,,muni-11219
11221,埼玉県,草加市,,,,,muni-11221
11222,埼玉県,越谷市,,,,,muni-11222
11223,埼玉県,蕨市,,,,,muni-11223
11224,埼玉県,戸田市,,,,,muni-11224
11225,埼玉県,入間市,,,,,muni-11225
11227,埼玉県,朝霞市,,,,,muni-11227
11228,埼玉県,志木市,,,,,muni-11228
11229,埼玉県,和光市,,,,,muni-11229
11230,埼玉県,新座市,,,,,muni-11230
11231,埼玉県,桶川市,,,,,muni-11231
11232,埼玉県,久喜市,,,,,muni-11232
11233,埼玉県,北本市,,,,,muni-11233
11234,埼玉県,八潮市,,,,,muni-11234
11235,埼玉県,富士見市,,,,,muni-11235
11237,埼玉県,三郷市,,,,,muni-11237
11238,埼玉県,蓮田市,,,,,muni-11238
11239,埼玉県,坂戸市,,,,,muni-11239
11240,埼玉県,幸手市,,,,,muni-11240
11241,埼玉県,鶴ヶ島市,,,,,muni-11241
11242,埼玉県,日高市,,,,,muni-11242
11243,埼玉県,吉川市,,,,,muni-11243
11245,埼玉県,ふじみ野市,,,,,muni-11245
11246,埼玉県,白岡市,,,,,muni-11246
11301,埼玉県,伊奈町,,,,,muni-11301
11324,埼玉県,三芳町,,,,,muni-11324
11326,埼玉県,毛呂山町,,,,,muni-11326
11327,埼玉県,越生町,,,,,muni-11327
11341,埼玉県,滑川町,,,,,muni-11341
11342,埼玉県,嵐山町,,,,,muni-11342
11343,埼玉県,小川町,,,,,muni-11343
11346,埼玉県,川島町,,,,,muni-11346
11347,埼玉県,吉見町,,,,,muni-11347
11348,埼玉県,鳩山町,,,,,muni-11348
11349,埼玉県,ときがわ町,,,,,muni-11349
11361,埼玉県,横瀬町,,,,,muni-11361
11362,埼玉県,皆野町,,,,,muni-11362
11363,埼玉県,長瀞町,,,,,muni-11363
11365,埼玉県,小鹿野町,,,,,muni-11365
11369,埼玉県,東秩父村,,,,,muni-11369
11381,埼玉県,美里町,,,,,muni-11381
11383,埼玉県,神川町,,,,,muni-11383
11385,埼玉県,上里町,,,,,muni-11385
11408,埼玉県,寄居町,,,,,muni-11408
11442,埼玉県,宮代町,,,,,muni-11442
11464,埼玉県,杉戸町,,,,,muni-11464
11465,埼玉県,松伏町,,,,,muni-11465
12100,千葉県,千葉市,,,,,muni-12100
12101,千葉県,千葉市中央区,,,,,muni-12101
12102,千葉県,千葉市花見川区,,,,,muni-12102
12103,千葉県,千葉市稲毛区,,,,,muni-12103
12104,千葉県,千葉市若葉区,,,,,muni-12104
12105,千葉県,千葉市緑区,,,,,muni-12105
12106,千葉県,千葉市美浜区,,,,,muni-12106
12202,千葉県,銚子市,,,,,muni-12202
12203,千葉県,市川市,,,,,muni-12203
12204,千葉県,船橋市,,,,,muni-12204
12205,千葉県,館山市,,,,,muni-12205
12206,千葉県,木更津市,,,,,muni-12206
12207,千葉県,松戸市,,,,,muni-12207
12208,千葉県,野田市,,,,,muni-12208
12210,千葉県,茂原市,,,,,muni-12210
12211,千葉県,成田市,,,,,muni-12211
12212,千葉県,佐倉市,,,,,muni-12212
12213,千葉県,東金市,,,,,muni-12213
12215,千葉県,旭市,,,,,muni-12215
12216,千葉県,習志野市,,,,,muni-12216
12217,千葉県,柏市,,,,,muni-12217
12218,千葉県,勝浦市,,,,,muni-12218
12219,千葉県,市原市,,,,,muni-12219
12220,千葉県,流山市,,,,,muni-12220
12221,千葉県,八千代市,,,,,muni-12221
12222,千葉県,我孫子市,,,,,muni-12222
12223,千葉県,鴨川市,,,,,muni-12223
12224,千葉県,鎌ケ谷市,,,,,muni-12224
12225,千葉県,君津市,,,,,muni-12225
12226,千葉県,富津市,,,,,muni-12226
12227,千葉県,浦安市,,,,,muni-12227
12228,千葉県,四街道市,,,,,muni-12228
12229,千葉県,袖ケ浦市,,,,,muni-12229
12230,千葉県,八街市,,,,,muni-12230
12231,千葉県,印西市,,,,,muni-12231
12232,千葉県,白井市,,,,,muni-12232
12233,千葉県,富里市,,,,,muni-12233
12234,千葉県,南房総市,,,,,muni-12234
12235,千葉県,匝瑳市,,,,,muni-12235
12236,千葉県,香取市,,,,,muni-12236
12237,千葉県,山武市,,,,,muni-12237
12238,千葉県,いすみ市,,,,,muni-12238
12239,千葉県,大網白里市,,,,,muni-12239
12322,千葉県,酒々井町,,,,,muni-12322
12329,千葉県,栄町,,,,,muni-12329
12342,千葉県,神崎町,,,,,muni-12342
12347,千葉県,多古町,,,,,muni-12347
12349,千葉県,東庄町,,,,,muni-12349
12403,千葉県,九十九里町,,,,,muni-12403
12409,千葉県,芝山町,,,,,muni-12409
12410,千葉県,横芝光町,,,,,muni-12410
12421,千葉県,一宮町,,,,,muni-12421
12422,千葉県,睦沢町,,,,,muni-12422
12423,千葉県,長生村,,,,,muni-12423
12424,千葉県,白子町,,,,,muni-12424
12426,千葉県,長柄町,,,,,muni-12426
12427,千葉県,長南町,,,,,muni-12427
12441,千葉県,大多喜町,,,,,muni-12441
12443,千葉県,御宿町,,,,,muni-12443
12463,千葉県,鋸南町,,,,,muni-12463
13101,東京都,千代田区,,,,,muni-13101
13102,東京都,中央区,,,,,muni-13102
13103,東京都,港区,,,,,muni-13103
13104,東京都,新宿区,,,,,muni-13104
13105,東京都,文京区,,,,,muni-13105
13106,東京都,台東区,,,,,muni-13106
13107,東京都,墨田区,,,,,muni-13107
13108,東京都,江東区,,,,,muni-13108
13109,東京都,品川区,,,,,muni-13109
13110,東京都,目黒区,,,,,muni-13110
13111,東京都,大田区,,,,,muni-13111
13112,東京都,世田谷区,,,,,muni-13112
13113,東京都,渋谷区,,,,,muni-13113
13114,東京都,中野区,,,,,muni-13114
13115,東京都,杉並区,,,,,muni-13115
13116,東京都,豊島区,,,,,muni-13116
13117,東京都,北区,,,,,muni-13117
13118,東京都,荒川区,,,,,muni-13118
13119,東京都,板橋区,,,,,muni-13119
13120,東京都,練馬区,,,,,muni-13120
13121,東京都,足立区,,,,,muni-13121
13122,東京都,葛飾区,,,,,muni-13122
13123,東京都,江戸川区,,,,,muni-13123
13201,東京都,八王子市,,,,,muni-13201
13202,東京都,立川市,,,,,muni-13202
13203,東京都,武蔵野市,,,,,muni-13203
13204,東京都,三鷹市,,,,,muni-13204
13205,東京都,青梅市,,,,,muni-13205
13206,東京都,府中市,,,,,muni-13206
13207,東京都,昭島市,,,,,muni-13207
13208,東京都,調布市,,,,,muni-13208
13209,東京都,町田市,,,,,muni-13209
13210,東京都,小金井市,,,,,muni-13210
13211,東京都,小平市,,,,,muni-13211
13212,東京都,日野市,,,,,muni-13212
13213,東京都,東村山市,,,,,muni-13213
13214,東京都,国分寺市,,,,,muni-13214
13215,東京都,国立市,,,,,muni-13215
13218,東京都,福生市,,,,,muni-13218
13219,東京都,狛江市,,,,,muni-13219
13220,東京都,東大和市,,,,,muni-13220
13221,東京都,清瀬市,,,,,muni-13221
13222,東京都,東久留米市,,,,,muni-13222
13223,東京都,武蔵村山市,,,,,muni-13223
13224,東京都,多摩市,,,,,muni-13224
13225,東京都,稲城市,,,,,muni-13225
13227,東京都,羽村市,,,,,muni-13227
13228,東京都,あきる野市,,,,,muni-13228
13229,東京都,西東京市,,,,,muni-13229
13303,東京都,瑞穂町,,,,,muni-13303
13305,東京都,日の出町,,,,,muni-13305
13307,東京都,檜原村,,,,,muni-13307
13308,東京都,奥多摩町,,,,,muni-13308
13361,東京都,大島町,,,,,muni-13361
13362,東京都,利島村,,,,,muni-13362
13363,東京都,新島村,,,,,muni-13363
13364,東京都,神津島村,,,,,muni-13364
13381,東京都,三宅村,,,,,muni-13381
13382,東京都,御蔵島村,,,,,muni-13382
13401,東京都,八丈町,,,,,muni-13401
13402,東京都,青ヶ島村,,,,,muni-13402
13421,東京都,小笠原村,,,,,muni-13421
14100,神奈川県,横浜市,,,,,muni-14100
14101,神奈川県,横浜市鶴見区,,,,,muni-14101
14102,神奈川県,横浜市神奈川区,,,,,muni-14102
14103,神奈川県,横浜市西区,,,,,muni-14103
14104,神奈川県,横浜市中区,,,,,muni-14104
14105,神奈川県,横浜市南区,,,,,muni-14105
14106,神奈川県,横浜市保土ケ谷区,,,,,muni-14106
14107,神奈川県,横浜市磯子区,,,,,muni-14107
14108,神奈川県,横浜市金沢区,,,,,muni-14108
14109,神奈川県,横浜市港北区,,,,,muni-14109
14110,神奈川県,横浜市戸塚区,,,,,muni-14110
14111,神奈川県,横浜市港南区,,,,,muni-14111
14112,神奈川県,横浜市旭区,,,,,muni-14112
14113,神奈川県,横浜市緑区,,,,,muni-14113
14114,神奈川県,横浜市瀬谷区,,,,,muni-14114
14115,神奈川県,横浜市栄区,,,,,muni-14115
14116,神奈川県,横浜市泉区,,,,,muni-14116
14117,神奈川県,横浜市青葉区,,,,,muni-14117
14118,神奈川県,横浜市都筑区,,,,,muni-14118
14130,神奈川県,川崎市,,,,,muni-14130
14131,神奈川県,川崎市川崎区,,,,,muni-14131
14132,神奈川県,川崎市幸区,,,,,muni-14132
14133,神奈川県,川崎市中原区,,,,,muni-14133
14134,神奈川県,川崎市高津区,,,,,muni-14134
14135,神奈川県,川崎市多摩区,,,,,muni-14135
14136,神奈川県,川崎市宮前区,,,,,muni-14136
14137,神奈川県,川崎市麻生区,,,,,muni-14137
14150,神奈川県,相模原市,,,,,muni-14150
14151,神奈川県,相模原市緑区,,,,,muni-14151
14152,神奈川県,相模原市中央区,,,,,muni-14152
14153,神奈川県,相模原市南区,,,,,muni-14153
14201,神奈川県,横須賀市,,,,,muni-14201
14203,神奈川県,平塚市,,,,,muni-14203
14204,神奈川県,鎌倉市,,,,,muni-14204
14205,神奈川県,藤沢市,,,,,muni-14205
14206,神奈川県,小田原市,,,,,muni-14206
14207,神奈川県,茅ヶ崎市,,,,,muni-14207
14208,神奈川県,逗子市,,,,,muni-14208
14210,神奈川県,三浦市,,,,,muni-14210
14211,神奈川県,秦野市,,,,,muni-14211
14212,神奈川県,厚木市,,,,,muni-14212
14213,神奈川県,大和市,,,,,muni-14213
14214,神奈川県,伊勢原市,,,,,muni-14214
14215,神奈川県,海老名市,,,,,muni-14215
14216,神奈川県,座間市,,,,,muni-14216
14217,神奈川県,南足柄市,,,,,muni-14217
14218,神奈川県,綾瀬市,,,,,muni-14218
14301,神奈川県,葉山町,,,,,muni-14301
14321,神奈川県,寒川町,,,,,muni-14321
14341,神奈川県,大磯町,,,,,muni-14341
14342,神奈川県,二宮町,,,,,muni-14342
14361,神奈川県,中井町,,,,,muni-14361
14362,神奈川県,大井町,,,,,muni-14362
14363,神奈川県,松田町,,,,,muni-14363
14364,神奈川県,山北町,,,,,muni-14364
14366,神奈川県,開成町,,,,,muni-14366
14382,神奈川県,箱根町,,,,,muni-14382
14383,神奈川県,真鶴町,,,,,muni-14383
14384,神奈川県,湯河原町,,,,,muni-14384
14401,神奈川県,愛川町,,,,,muni-14401
14402,神奈川県,清川村,,,,,muni-14402
15100,新潟県,新潟市,,,,,muni-15100
15101,新潟県,新潟市北区,,,,,muni-15101
15102,新潟県,新潟市東区,,,,,muni-15102
15103,新潟県,新潟市中央区,,,,,muni-15103
15104,新潟県,新潟市江南区,,,,,muni-15104
15105,新潟県,新潟市秋葉区,,,,,muni-15105
15106,新潟県,新潟市南区,,,,,muni-15106
15107,新潟県,新潟市西区,,,,,muni-15107
15108,新潟県,新潟市西蒲区,,,,,muni-15108
15202,新潟県,長岡市,,,,,muni-15202
15204,新潟県,三条市,,,,,muni-15204
15205,新潟県,柏崎市,,,,,muni-15205
15206,新潟県,新発田市,,,,,muni-15206
15208,新潟県,小千谷市,,,,,muni-15208
15209,新潟県,加茂市,,,,,muni-15209
15210,新潟県,十日町市,,,,,muni-15210
15211,新潟県,見附市,,,,,muni-15211
15212,新潟県,村上市,,,,,muni-15212
15213,新潟県,燕市,,,,,muni-15213
15216,新潟県,糸魚川市,,,,,muni-15216
15217,新潟県,妙高市,,,,,muni-15217
15218,新潟県,五泉市,,,,,muni-15218
15222,新潟県,上越市,,,,,muni-15222
15223,新潟県,阿賀野市,,,,,muni-15223
15224,新潟県,佐渡市,,,,,muni-15224
15225,新潟県,魚沼市,,,,,muni-15225
15226,新潟県,南魚沼市,,,,,muni-15226
15227,新潟県,胎内市,,,,,muni-15227
15307,新潟県,聖籠町,,,,,muni-15307
15342,新潟県,弥彦村,,,,,muni-15342
15361,新潟県,田上町,,,,,muni-15361
15385,新潟県,阿賀町,,,,,muni-15385
15405,新潟県,出雲崎町,,,,,muni-15405
15461,新潟県,湯沢町,,,,,muni-15461
15482,新潟県,津南町,,,,,muni-15482
15504,新潟県,刈羽村,,,,,muni-15504
15581,新潟県,関川村,,,,,muni-15581
15586,新潟県,粟島浦村,,,,,muni-15586
16201,富山県,富山市,,,,,muni-16201
16202,富山県,高岡市,,,,,muni-16202
16204,富山県,魚津市,,,,,muni-16204
16205,富山県,氷見市,,,,,muni-16205
16206,富山県,滑川市,,,,,muni-16206
16207,富山県,黒部市,,,,,muni-16207
16208,富山県,砺波市,,,,,muni-16208
16209,富山県,小矢部市,,,,,muni-16209
16210,富山県,南砺市,,,,,muni-16210
16211,富山県,射水市,,,,,muni-16211
16321,富山県,舟橋村,,,,,muni-16321
16322,富山県,上市町,,,,,muni-16322
16323,富山県,立山町,,,,,muni-16323
16342,富山県,入善町,,,,,muni-16342
16343,富山県,朝日町,,,,,muni-16343
17201,石川県,金沢市,,,,,muni-17201
17202,石川県,七尾市,,,,,muni-17202
17203,石川県,小松市,,,,,muni-17203
17204,石川県,輪島市,,,,,muni-17204
17205,石川県,珠洲市,,,,,muni-17205
17206,石川県,加賀市,,,,,muni-17206
17207,石川県,羽咋市,,,,,muni-17207
17209,石川県,かほく市,,,,,muni-17209
17210,石川県,白山市,,,,,muni-17210
17211,石川県,能美市,,,,,muni-17211
17212,石川県,野々市市,,,,,muni-17212
17324,石川県,川北町,,,,,muni-17324
17361,石川県,津幡町,,,,,muni-17361
17365,石川県,内灘町,,,,,muni-17365
17384,石川県,志賀町,,,,,muni-17384
17386,石川県,宝達志水町,,,,,muni-17386
17407,石川県,中能登町,,,,,muni-17407
17461,石川県,穴水町,,,,,muni-17461
17463,石川県,能登町,,,,,muni-17463
18201,福井県,福井市,,,,,muni-18201
18202,福井県,敦賀市,,,,,muni-18202
18204,福井県,小浜市,,,,,muni-18204
18205,福井県,大野市,,,,,muni-18205
18206,福井県,勝山市,,,,,muni-18206
18207,福井県,鯖江市,,,,,muni-18207
18208,福井県,あわら市,,,,,muni-18208
18209,福井県,越前市,,,,,muni-18209
18210,福井県,坂井市,,,,,muni-18210
18322,福井県,永平寺町,,,,,muni-18322
18382,福井県,池田町,,,,,muni-18382
18404,福井県,南越前町,,,,,muni-18404
18423,福井県,越前町,,,,,muni-18423
18442,福井県,美浜町,,,,,muni-18442
18481,福井県,高浜町,,,,,muni-18481
18483,福井県,おおい町,,,,,muni-18483
18501,福井県,若狭町,,,,,muni-18501
19201,山梨県,甲府市,,,,,muni-19201
19202,山梨県,富士吉田市,,,,,muni-19202
19204,山梨県,都留市,,,,,muni-19204
19205,山梨県,山梨市,,,,,muni-19205
19206,山梨県,大月市,,,,,muni-19206
19207,山梨県,韮崎市,,,,,muni-19207
19208,山梨県,南アルプス市,,,,,muni-19208
19209,山梨県,北杜市,,,,,muni-19209
19210,山梨県,甲斐市,,,,,muni-19210
19211,山梨県,笛吹市,,,,,muni-19211
19212,山梨県,上野原市,,,,,muni-19212
19213,山梨県,甲州市,,,,,muni-19213
19214,山梨県,中央市,,,,,muni-19214
19346,山梨県,市川三郷町,,,,,muni-19346
19364,山梨県,早川町,,,,,muni-19364
19365,山梨県,身延町,,,,,muni-19365
19366,山梨県,南部町,,,,,muni-19366
19368,山梨県,富士川町,,,,,muni-19368
19384,山梨県,昭和町,,,,,muni-19384
19422,山梨県,道志村,,,,,muni-19422
19423,山梨県,西桂町,,,,,muni-19423
19424,山梨県,忍野村,,,,,muni-19424
19425,山梨県,山中湖村,,,,,muni-19425
19429,山梨県,鳴沢村,,,,,muni-19429
19430,山梨県,富士河口湖町,,,,,muni-19430
19442,山梨県,小菅村,,,,,muni-19442
19443,山梨県,丹波山村,,,,,muni-19443
20201,長野県,長野市,,,,,muni-20201
20202,長野県,松本市,,,,,muni-20202
20203,長野県,上田市,,,,,muni-20203
20204,長野県,岡谷市,,,,,muni-20204
20205,長野県,飯田市,,,,,muni-20205
20206,長野県,諏訪市,,,,,muni-20206
20207,長野県,須坂市,,,,,muni-20207
20208,長野県,小諸市,,,,,muni-20208
20209,長野県,伊那市,,,,,muni-20209
20210,長野県,駒ヶ根市,,,,,muni-20210
20211,長野県,中野市,,,,,muni-20211
20212,長野県,大町市,,,,,muni-20212
20213,長野県,飯山市,,,,,muni-20213
20214,長野県,茅野市,,,,,muni-20214
20215,長野県,塩尻市,,,,,muni-20215
20217,長野県,佐久市,,,,,muni-20217
20218,長野県,千曲市,,,,,muni-20218
20219,長野県,東御市,,,,,muni-20219
20220,長野県,安曇野市,,,,,muni-20220
20303,長野県,小海町,,,,,muni-20303
20304,長野県,川上村,,,,,muni-20304
20305,長野県,南牧村,,,,,muni-20305
20306,長野県,南相木村,,,,,muni-20306
20307,長野県,北相木村,,,,,muni-20307
20309,長野県,佐久穂町,,,,,muni-20309
20321,長野県,軽井沢町,,,,,muni-20321
20323,長野県,御代田町,,,,,muni-20323
20324,長野県,立科町,,,,,muni-20324
20349,長野県,青木村,,,,,muni-20349
20350,長野県,長和町,,,,,muni-20350
20361,長野県,下諏訪町,,,,,muni-20361
20362,長野県,富士見町,,,,,muni-20362
20363,長野県,原村,,,,,muni-20363
20382,長野県,辰野町,,,,,muni-20382
20383,長野県,箕輪町,,,,,muni-20383
20384,長野県,飯島町,,,,,muni-20384
20385,長野県,南箕輪村,,,,,muni-20385
20386,長野県,中川村,,,,,muni-20386
20388,長野県,宮田村,,,,,muni-20388
20402,長野県,松川町,,,,,muni-20402
20403,長野県,高森町,,,,,muni-20403
20404,長野県,阿南町,,,,,muni-20404
20407,長野県,阿智村,,,,,muni-20407
20409,長野県,平谷村,,,,,muni-20409
20410,長野県,根羽村,,,,,muni-20410
20411,長野県,下條村,,,,,muni-20411
20412,長野県,売木村,,,,,muni-20412
20413,長野県,天龍村,,,,,muni-20413
20414,長野県,泰阜村,,,,,muni-20414
20415,長野県,喬木村,,,,,muni-20415
20416,長野県,豊丘村,,,,,muni-20416
20417,長野県,大鹿村,,,,,muni-20417
20422,長野県,上松町,,,,,muni-20422
20423,長野県,南木曽町,,,,,muni-20423
20425,長野県,木祖村,,,,,muni-20425
20429,長野県,王滝村,,,,,muni-20429
20430,長野県,大桑村,,,,,muni-20430
20432,長野県,木曽町,,,,,muni-20432
20446,長野県,麻績村,,,,,muni-20446
20448,長野県,生坂村,,,,,muni-20448
20450,長野県,山形村,,,,,muni-20450
20451,長野県,朝日村,,,,,muni-20451
20452,長野県,筑北村,,,,,muni-20452
20481,長野県,池田町,,,,,muni-20481
20482,長野県,松川村,,,,,muni-20482
20485,長野県,白馬村,,,,,muni-20485
20486,長野県,小谷村,,,,,muni-20486
20521,長野県,坂城町,,,,,muni-20521
20541,長野県,小布施町,,,,,muni-20541
20543,長野県,高山村,,,,,muni-20543
20561,長野県,山ノ内町,,,,,muni-20561
20562,長野県,木島平村,,,,,muni-20562
20563,長野県,野沢温泉村,,,,,muni-20563
20583,長野県,信濃町,,,,,muni-20583
20588,長野県,小川村,,,,,muni-20588
20590,長野県,飯綱町,,,,,muni-20590
20602,長野県,栄村,,,,,muni-20602
21201,岐阜県,岐阜市,,,,,muni-21201
21202,岐阜県,大垣市,,,,,muni-21202
21203,岐阜県,高山市,,,,,muni-21203
21204,岐阜県,多治見市,,,,,muni-21204
21205,岐阜県,関市,,,,,muni-21205
21206,岐阜県,中津川市,,,,,muni-21206
21207,岐阜県,美濃市,,,,,muni-21207
21208,岐阜県,瑞浪市,,,,,muni-21208
21209,岐阜県,羽島市,,,,,muni-21209
21210,岐阜県,恵那市,,,,,muni-21210
21211,岐阜県,美濃加茂市,,,,,muni-21211
21212,岐阜県,土岐市,,,,,muni-21212
21213,岐阜県,各務原市,,,,,muni-21213
21214,岐阜県,可児市,,,,,muni-21214
21215,岐阜県,山県市,,,,,muni-21215
21216,岐阜県,瑞穂市,,,,,muni-21216
21217,岐阜県,飛騨市,,,,,muni-21217
21218,岐阜県,本巣市,,,,,muni-21218
21219,岐阜県,郡上市,,,,,muni-21219
21220,岐阜県,下呂市,,,,,muni-21220
21221,岐阜県,海津市,,,,,muni-21221
21302,岐阜県,岐南町,,,,,muni-21302
21303,岐阜県,笠松町,,,,,muni-21303
21341,岐阜県,養老町,,,,,muni-21341
21361,岐阜県,垂井町,,,,,muni-21361
21362,岐阜県,関ケ原町,,,,,muni-21362
21381,岐阜県,神戸町,,,,,muni-21381
21382,岐阜県,輪之内町,,,,,muni-21382
21383,岐阜県,安八町,,,,,muni-21383
21401,岐阜県,揖斐川町,,,,,muni-21401
21403,岐阜県,大野町,,,,,muni-21403
21404,岐阜県,池田町,,,,,muni-21404
21421,岐阜県,北方町,,,,,muni-21421
21501,岐阜県,坂祝町,,,,,muni-21501
21502,岐阜県,富加町,,,,,muni-21502
21503,岐阜県,川辺町,,,,,muni-21503
21504,岐阜県,七宗町,,,,,muni-21504
21505,岐阜県,八百津町,,,,,muni-21505
21506,岐阜県,白川町,,,,,muni-21506
21507,岐阜県,東白川村,,,,,muni-21507
21521,岐阜県,御嵩町,,,,,muni-21521
21604,岐阜県,白川村,,,,,muni-21604
22100,静岡県,静岡市,,,,,muni-22100
22101,静岡県,静岡市葵区,,,,,muni-22101
22102,静岡県,静岡市駿河区,,,,,muni-22102
22103,静岡県,静岡市清水区,,,,,muni-22103
22130,静岡県,浜松市,,,,,muni-22130
22138,静岡県,浜松市中央区,,,,,muni-22138
22139,静岡県,浜松市浜名区,,,,,muni-22139
22140,静岡県,浜松市天竜区,,,,,muni-22140
22203,静岡県,沼津市,,,,,muni-22203
22205,静岡県,熱海市,,,,,muni-22205
22206,静岡県,三島市,,,,,muni-22206
22207,静岡県,富士宮市,,,,,muni-22207
22208,静岡県,伊東市,,,,,muni-22208
22209,静岡県,島田市,,,,,muni-22209
22210,静岡県,富士市,,,,,muni-22210
22211,静岡県,磐田市,,,,,muni-22211
22212,静岡県,焼津市,,,,,muni-22212
22213,静岡県,掛川市,,,,,muni-22213
22214,静岡県,藤枝市,,,,,muni-22214
22215,静岡県,御殿場市,,,,,muni-22215
22216,静岡県,袋井市,,,,,muni-22216
22219,静岡県,下田市,,,,,muni-22219
22220,静岡県,裾野市,,,,,muni-22220
22221,静岡県,湖西市,,,,,muni-22221
22222,静岡県,伊豆市,,,,,muni-22222
22223,静岡県,御前崎市,,,,,muni-22223
22224,静岡県,菊川市,,,,,muni-22224
22225,静岡県,伊豆の国市,,,,,muni-22225
22226,静岡県,牧之原市,,,,,muni-22226
22301,静岡県,東伊豆町,,,,,muni-22301
22302,静岡県,河津町,,,,,muni-22302
22304,静岡県,南伊豆町,,,,,muni-22304
22305,静岡県,松崎町,,,,,muni-22305
22306,静岡県,西伊豆町,,,,,muni-22306
22325,静岡県,函南町,,,,,muni-22325
22341,静岡県,清水町,,,,,muni-22341
22342,静岡県,長泉町,,,,,muni-22342
22344,静岡県,小山町,,,,,muni-22344
22424,静岡県,吉田町,,,,,muni-22424
22429,静岡県,川根本町,,,,,muni-22429
22461,静岡県,森町,,,,,muni-22461
23100,愛知県,名古屋市,,,,,muni-23100
23101,愛知県,名古屋市千種区,,,,,muni-23101
23102,愛知県,名古屋市東区,,,,,muni-23102
23103,愛知県,名古屋市北区,,,,,muni-23103
23104,愛知県,名古屋市西区,,,,,muni-23104
23105,愛知県,名古屋市中村区,,,,,muni-23105
23106,愛知県,名古屋市中区,,,,,muni-23106
23107,愛知県,名古屋市昭和区,,,,,muni-23107
23108,愛知県,名古屋市瑞穂区,,,,,muni-23108
23109,愛知県,名古屋市熱田区,,,,,muni-23109
23110,愛知県,名古屋市中川区,,,,,muni-23110
23111,愛知県,名古屋市港区,,,,,muni-23111
23112,愛知県,名古屋市南区,,,,,muni-23112
23113,愛知県,名古屋市守山区,,,,,muni-23113
23114,愛知県,名古屋市緑区,,,,,muni-23114
23115,愛知県,名古屋市名東区,,,,,muni-23115
23116,愛知県,名古屋市天白区,,,,,muni-23116
23201,愛知県,豊橋市,,,,,muni-23201
23202,愛知県,岡崎市,,,,,muni-23202
23203,愛知県,一宮市,,,,,muni-23203
23204,愛知県,瀬戸市,,,,,muni-23204
23205,愛知県,半田市,,,,,muni-23205
23206,愛知県,春日井市,,,,,muni-23206
23207,愛知県,豊川市,,,,,muni-23207
23208,愛知県,津島市,,,,,muni-23208
23209,愛知県,碧南市,,,,,muni-23209
23210,愛知県,刈谷市,,,,,muni-23210
23211,愛知県,豊田市,,,,,muni-23211
23212,愛知県,安城市,,,,,muni-23212
23213,愛知県,西尾市,,,,,muni-23213
23214,愛知県,蒲郡市,,,,,muni-23214
23215,愛知県,犬山市,,,,,muni-23215
23216,愛知県,常滑市,,,,,muni-23216
23217,愛知県,江南市,,,,,muni-23217
23219,愛知県,小牧市,,,,,muni-23219
23220,愛知県,稲沢市,,,,,muni-23220
23221,愛知県,新城市,,,,,muni-23221
23222,愛知県,東海市,,,,,muni-23222
23223,愛知県,大府市,,,,,muni-23223
23224,愛知県,知多市,,,,,muni-23224
23225,愛知県,知立市,,,,,muni-23225
23226,愛知県,尾張旭市,,,,,muni-23226
23227,愛知県,高浜市,,,,,muni-23227
23228,愛知県,岩倉市,,,,,muni-23228
23229,愛知県,豊明市,,,,,muni-23229
23230,愛知県,日進市,,,,,muni-23230
23231,愛知県,田原市,,,,,muni-23231
23232,愛知県,愛西市,,,,,muni-23232
23233,愛知県,清須市,,,,,muni-23233
23234,愛知県,北名古屋市,,,,,muni-23234
23235,愛知県,弥富市,,,,,muni-23235
23236,愛知県,みよし市,,,,,muni-23236
23237,愛知県,あま市,,,,,muni-23237
23238,愛知県,長久手市,,,,,muni-23238
23302,愛知県,東郷町,,,,,muni-23302
23342,愛知県,豊山町,,,,,muni-23342
23361,愛知県,大口町,,,,,muni-23361
23362,愛知県,扶桑町,,,,,muni-23362
23424,愛知県,大治町,,,,,muni-23424
23425,愛知県,蟹江町,,,,,muni-23425
23427,愛知県,飛島村,,,,,muni-23427
23441,愛知県,阿久比町,,,,,muni-23441
23442,愛知県,東浦町,,,,,muni-23442
23445,愛知県,南知多町,,,,,muni-23445
23446,愛知県,美浜町,,,,,muni-23446
23447,愛知県,武豊町,,,,,muni-23447
23501,愛知県,幸田町,,,,,muni-23501
23561,愛知県,設楽町,,,,,muni-23561
23562,愛知県,東栄町,,,,,muni-23562
23563,愛知県,豊根村,,,,,muni-23563
24201,三重県,津市,,,,,muni-24201
24202,三重県,四日市市,,,,,muni-24202
24203,三重県,伊勢市,,,,,muni-24203
24204,三重県,松阪市,,,,,muni-24204
24205,三重県,桑名市,,,,,muni-24205
24207,三重県,鈴鹿市,,,,,muni-24207
24208,三重県,名張市,,,,,muni-24208
24209,三重県,尾鷲市,,,,,muni-24209
24210,三重県,亀山市,,,,,muni-24210
24211,三重県,鳥羽市,,,,,muni-24211
24212,三重県,熊野市,,,,,muni-24212
24214,三重県,いなべ市,,,,,muni-24214
24215,三重県,志摩市,,,,,muni-24215
24216,三重県,伊賀市,,,,,muni-24216
24303,三重県,木曽岬町,,,,,muni-24303
24324,三重県,東員町,,,,,muni-24324
24341,三重県,菰野町,,,,,muni-24341
24343,三重県,朝日町,,,,,muni-24343
24344,三重県,川越町,,,,,muni-24344
24441,三重県,多気町,,,,,muni-24441
24442,三重県,明和町,,,,,muni-24442
24443,三重県,大台町,,,,,muni-24443
24461,三重県,玉城町,,,,,muni-24461
24470,三重県,度会町,,,,,muni-24470
24471,三重県,大紀町,,,,,muni-24471
24472,三重県,南伊勢町,,,,,muni-24472
24543,三重県,紀北町,,,,,muni-24543
24561,三重県,御浜町,,,,,muni-24561
24562,三重県,紀宝町,,,,,muni-24562
25201,滋賀県,大津市,,,,,muni-25201
25202,滋賀県,彦根市,,,,,muni-25202
25203,滋賀県,長浜市,,,,,muni-25203
25204,滋賀県,近江八幡市,,,,,muni-25204
25206,滋賀県,草津市,,,,,muni-25206
25207,滋賀県,守山市,,,,,muni-25207
25208,滋賀県,栗東市,,,,,muni-25208
25209,滋賀県,甲賀市,,,,,muni-25209
25210,滋賀県,野洲市,,,,,muni-25210
25211,滋賀県,湖南市,,,,,muni-25211
25212,滋賀県,高島市,,,,,muni-25212
25213,滋賀県,東近江市,,,,,muni-25213
25214,滋賀県,米原市,,,,,muni-25214
25383,滋賀県,日野町,,,,,muni-25383
25384,滋賀県,竜王町,,,,,muni-25384
25425,滋賀県,愛荘町,,,,,muni-25425
25441,滋賀県,豊郷町,,,,,muni-25441
25442,滋賀県,甲良町,,,,,muni-25442
25443,滋賀県,多賀町,,,,,muni-25443
26100,京都府,京都市,,,,,muni-26100
26101,京都府,京都市北区,,,,,muni-26101
26102,京都府,京都市上京区,,,,,muni-26102
26103,京都府,京都市左京区,,,,,muni-26103
26104,京都府,京都市中京区,,,,,muni-26104
26105,京都府,京都市東山区,,,,,muni-26105
26106,京都府,京都市下京区,,,,,muni-26106
26107,京都府,京都市南区,,,,,muni-26107
26108,京都府,京都市右京区,,,,,muni-26108
26109,京都府,京都市伏見区,,,,,muni-26109
26110,京都府,京都市山科区,,,,,muni-26110
26111,京都府,京都市西京区,,,,,muni-26111
26201,京都府,福知山市,,,,,muni-26201
26202,京都府,舞鶴市,,,,,muni-26202
26203,京都府,綾部市,,,,,muni-26203
26204,京都府,宇治市,,,,,muni-26204
26205,京都府,宮津市,,,,,muni-26205
26206,京都府,亀岡市,,,,,muni-26206
26207,京都府,城陽市,,,,,muni-26207
26208,京都府,向日市,,,,,muni-26208
26209,京都府,長岡京市,,,,,muni-26209
26210,京都府,八幡市,,,,,muni-26210
26211,京都府,京田辺市,,,,,muni-26211
26212,京都府,京丹後市,,,,,muni-26212
26213,京都府,南丹市,,,,,muni-26213
26214,京都府,木津川市,,,,,muni-26214
26303,京都府,大山崎町,,,,,muni-26303
26322,京都府,久御山町,,,,,muni-26322
26343,京都府,井手町,,,,,muni-26343
26344,京都府,宇治田原町,,,,,muni-26344
26364,京都府,笠置町,,,,,muni-26364
26365,京都府,和束町,,,,,muni-26365
26366,京都府,精華町,,,,,muni-26366
26367,京都府,南山城村,,,,,muni-26367
26407,京都府,京丹波町,,,,,muni-26407
26463,京都府,伊根町,,,,,muni-26463
26465,京都府,与謝野町,,,,,muni-26465
27100,大阪府,大阪市,,,,,muni-27100
27102,大阪府,大阪市都島区,,,,,muni-27102
27103,大阪府,大阪市福島区,,,,,muni-27103
27104,大阪府,大阪市此花区,,,,,muni-27104
27106,大阪府,大阪市西区,,,,,muni-27106
27107,大阪府,大阪市港区,,,,,muni-27107
27108,大阪府,大阪市大正区,,,,,muni-27108
27109,大阪府,大阪市天王寺区,,,,,muni-27109
27111,大阪府,大阪市浪速区,,,,,muni-27111
27113,大阪府,大阪市西淀川区,,,,,muni-27113
27114,大阪府,大阪市東淀川区,,,,,muni-27114
27115,大阪府,大阪市東成区,,,,,muni-27115
27116,大阪府,大阪市生野区,,,,,muni-27116
27117,大阪府,大阪市旭区,,,,,muni-27117
27118,大阪府,大阪市城東区,,,,,muni-27118
27119,大阪府,大阪市阿倍野区,,,,,muni-27119
27120,大阪府,大阪市住吉区,,,,,muni-27120
27121,大阪府,大阪市東住吉区,,,,,muni-27121
27122,大阪府,大阪市西成区,,,,,muni-27122
27123,大阪府,大阪市淀川区,,,,,muni-27123
27124,大阪府,大阪市鶴見区,,,,,muni-27124
27125,大阪府,大阪市住之江区,,,,,muni-27125
27126,大阪府,大阪市平野区,,,,,muni-27126
27127,大阪府,大阪市北区,,,,,muni-27127
27128,大阪府,大阪市中央区,,,,,muni-27128
27140,大阪府,堺市,,,,,muni-27140
27141,大阪府,堺市堺区,,,,,muni-27141
27142,大阪府,堺市中区,,,,,muni-27142
27143,大阪府,堺市東区,,,,,muni-27143
27144,大阪府,堺市西区,,,,,muni-27144
27145,大阪府,堺市南区,,,,,muni-27145
27146,大阪府,堺市北区,,,,,muni-27146
27147,大阪府,堺市美原区,,,,,muni-27147
27202,大阪府,岸和田市,,,,,muni-27202
27203,大阪府,豊中市,,,,,muni-27203
27204,大阪府,池田市,,,,,muni-27204
27205,大阪府,吹田市,,,,,muni-27205
27206,大阪府,泉大津市,,,,,muni-27206
27207,大阪府,高槻市,,,,,muni-27207
27208,大阪府,貝塚市,,,,,muni-27208
27209,大阪府,守口市,,,,,muni-27209
27210,大阪府,枚方市,,,,,muni-27210
27211,大阪府,茨木市,,,,,muni-27211
27212,大阪府,八尾市,,,,,muni-27212
27213,大阪府,泉佐野市,,,,,muni-27213
27214,大阪府,富田林市,,,,,muni-27214
27215,大阪府,寝屋川市,,,,,muni-27215
27216,大阪府,河内長野市,,,,,muni-27216
27217,大阪府,松原市,,,,,muni-27217
27218,大阪府,大東市,,,,,muni-27218
27219,大阪府,和泉市,,,,,muni-27219
27220,大阪府,箕面市,,,,,muni-27220
27221,大阪府,柏原市,,,,,muni-27221
27222,大阪府,羽曳野市,,,,,muni-27222
27223,大阪府,門真市,,,,,muni-27223
27224,大阪府,摂津市,,,,,muni-27224
27225,大阪府,高石市,,,,,muni-27225
27226,大阪府,藤井寺市,,,,,muni-27226
27227,大阪府,東大阪市,,,,,muni-27227
27228,大阪府,泉南市,,,,,muni-27228
27229,大阪府,四條畷市,,,,,muni-27229
27230,大阪府,交野市,,,,,muni-27230
27231,大阪府,大阪狭山市,,,,,muni-27231
27232,大阪府,阪南市,,,,,muni-27232
27301,大阪府,島本町,,,,,muni-27301
27321,大阪府,豊能町,,,,,muni-27321
27322,大阪府,能勢町,,,,,muni-27322
27341,大阪府,忠岡町,,,,,muni-27341
27361,大阪府,熊取町,,,,,muni-27361
27362,大阪府,田尻町,,,,,muni-27362
27366,大阪府,岬町,,,,,muni-27366
27381,大阪府,太子町,,,,,muni-27381
27382,大阪府,河南町,,,,,muni-27382
27383,大阪府,千早赤阪村,,,,,muni-27383
28100,兵庫県,神戸市,,,,,muni-28100
28101,兵庫県,神戸市東灘区,,,,,muni-28101
28102,兵庫県,神戸市灘区,,,,,muni-28102
28105,兵庫県,神戸市兵庫区,,,,,muni-28105
28106,兵庫県,神戸市長田区,,,,,muni-28106
28107,兵庫県,神戸市須磨区,,,,,muni-28107
28108,兵庫県,神戸市垂水区,,,,,muni-28108
28109,兵庫県,神戸市北区,,,,,muni-28109
28110,兵庫県,神戸市中央区,,,,,muni-28110
28111,兵庫県,神戸市西区,,,,,muni-28111
28201,兵庫県,姫路市,,,,,muni-28201
28202,兵庫県,尼崎市,,,,,muni-28202
28203,兵庫県,明石市,,,,,muni-28203
28204,兵庫県,西宮市,,,,,muni-28204
28205,兵庫県,洲本市,,,,,muni-28205
28206,兵庫県,芦屋市,,,,,muni-28206
28207,兵庫県,伊丹市,,,,,muni-28207
28208,兵庫県,相生市,,,,,muni-28208
28209,兵庫県,豊岡市,,,,,muni-28209
28210,兵庫県,加古川市,,,,,muni-28210
28212,兵庫県,赤穂市,,,,,muni-28212
28213,兵庫県,西脇市,,,,,muni-28213
28214,兵庫県,宝塚市,,,,,muni-28214
28215,兵庫県,三木市,,,,,muni-28215
28216,兵庫県,高砂市,,,,,muni-28216
28217,兵庫県,川西市,,,,,muni-28217
28218,兵庫県,小野市,,,,,muni-28218
28219,兵庫県,三田市,,,,,muni-28219
28220,兵庫県,加西市,,,,,muni-28220
28221,兵庫県,丹波篠山市,,,,,muni-28221
28222,兵庫県,養父市,,,,,muni-28222
28223,兵庫県,丹波市,,,,,muni-28223
28224,兵庫県,南あわじ市,,,,,muni-28224
28225,兵庫県,朝来市,,,,,muni-28225
28226,兵庫県,淡路市,,,,,muni-28226
28227,兵庫県,宍粟市,,,,,muni-28227
28228,兵庫県,加東市,,,,,muni-28228
28229,兵庫県,たつの市,,,,,muni-28229
28301,兵庫県,猪名川町,,,,,muni-28301
28365,兵庫県,多可町,,,,,muni-28365
28381,兵庫県,稲美町,,,,,muni-28381
28382,兵庫県,播磨町,,,,,muni-28382
28442,兵庫県,市川町,,,,,muni-28442
28443,兵庫県,福崎町,,,,,muni-28443
28446,兵庫県,神河町,,,,,muni-28446
28464,兵庫県,太子町,,,,,muni-28464
28481,兵庫県,上郡町,,,,,muni-28481
28501,兵庫県,佐用町,,,,,muni-28501
28585,兵庫県,香美町,,,,,muni-28585
28586,兵庫県,新温泉町,,,,,muni-28586
29201,奈良県,奈良市,,,,,muni-29201
29202,奈良県,大和高田市,,,,,muni-29202
29203,奈良県,大和郡山市,,,,,muni-29203
29204,奈良県,天理市,,,,,muni-29204
29205,奈良県,橿原市,,,,,muni-29205
29206,奈良県,桜井市,,,,,muni-29206
29207,奈良県,五條市,,,,,muni-29207
29208,奈良県,御所市,,,,,muni-29208
29209,奈良県,生駒市,,,,,muni-29209
29210,奈良県,香芝市,,,,,muni-29210
29211,奈良県,葛城市,,,,,muni-29211
29212,奈良県,宇陀市,,,,,muni-29212
29322,奈良県,山添村,,,,,muni-29322
29342,奈良県,平群町,,,,,muni-29342
29343,奈良県,三郷町,,,,,muni-29343
29344,奈良県,斑鳩町,,,,,muni-29344
29345,奈良県,安堵町,,,,,muni-29345
29361,奈良県,川西町,,,,,muni-29361
29362,奈良県,三宅町,,,,,muni-29362
29363,奈良県,田原本町,,,,,muni-29363
29385,奈良県,曽爾村,,,,,muni-29385
29386,奈良県,御杖村,,,,,muni-29386
29401,奈良県,高取町,,,,,muni-29401
29402,奈良県,明日香村,,,,,muni-29402
29424,奈良県,上牧町,,,,,muni-29424
29425,奈良県,王寺町,,,,,muni-29425
29426,奈良県,広陵町,,,,,muni-29426
29427,奈良県,河合町,,,,,muni-29427
29441,奈良県,吉野町,,,,,muni-29441
29442,奈良県,大淀町,,,,,muni-29442
29443,奈良県,下市町,,,,,muni-29443
29444,奈良県,黒滝村,,,,,muni-29444
29446,奈良県,天川村,,,,,muni-29446
29447,奈良県,野迫川村,,,,,muni-29447
29449,奈良県,十津川村,,,,,muni-29449
29450,奈良県,下北山村,,,,,muni-29450
29451,奈良県,上北山村,,,,,muni-29451
29452,奈良県,川上村,,,,,muni-29452
29453,奈良県,東吉野村,,,,,muni-29453
30201,和歌山県,和歌山市,,,,,muni-30201
30202,和歌山県,海南市,,,,,muni-30202
30203,和歌山県,橋本市,,,,,muni-30203
30204,和歌山県,有田市,,,,,muni-30204
30205,和歌山県,御坊市,,,,,muni-30205
30206,和歌山県,田辺市,,,,,muni-30206
30207,和歌山県,新宮市,,,,,muni-30207
30208,和歌山県,紀の川市,,,,,muni-30208
30209,和歌山県,岩出市,,,,,muni-30209
30304,和歌山県,紀美野町,,,,,muni-30304
30341,和歌山県,かつらぎ町,,,,,muni-30341
30343,和歌山県,九度山町,,,,,muni-30343
30344,和歌山県,高野町,,,,,muni-30344
30361,和歌山県,湯浅町,,,,,muni-30361
30362,和歌山県,広川町,,,,,muni-30362
30366,和歌山県,有田川町,,,,,muni-30366
30381,和歌山県,美浜町,,,,,muni-30381
30382,和歌山県,日高町,,,,,muni-30382
30383,和歌山県,由良町,,,,,muni-30383
30390,和歌山県,印南町,,,,,muni-30390
30391,和歌山県,みなべ町,,,,,muni-30391
30392,和歌山県,日高川町,,,,,muni-30392
30401,和歌山県,白浜町,,,,,muni-30401
30404,和歌山県,上富田町,,,,,muni-30404
30406,和歌山県,すさみ町,,,,,muni-30406
30421,和歌山県,那智勝浦町,,,,,muni-30421
30422,和歌山県,太地町,,,,,muni-30422
30424,和歌山県,古座川町,,,,,muni-30424
30427,和歌山県,北山村,,,,,muni-30427
30428,和歌山県,串本町,,,,,muni-30428
31201,鳥取県,鳥取市,,,,,muni-31201
31202,鳥取県,米子市,,,,,muni-31202
31203,鳥取県,倉吉市,,,,,muni-31203
31204,鳥取県,境港市,,,,,muni-31204
31302,鳥取県,岩美町,,,,,muni-31302
31325,鳥取県,若桜町,,,,,muni-31325
31328,鳥取県,智頭町,,,,,muni-31328
31329,鳥取県,八頭町,,,,,muni-31329
31364,鳥取県,三朝町,,,,,muni-31364
31370,鳥取県,湯梨浜町,,,,,muni-31370
31371,鳥取県,琴浦町,,,,,muni-31371
31372,鳥取県,北栄町,,,,,muni-31372
31384,鳥取県,日吉津村,,,,,muni-31384
31386,鳥取県,大山町,,,,,muni-31386
31389,鳥取県,南部町,,,,,muni-31389
31390,鳥取県,伯耆町,,,,,muni-31390
31401,鳥取県,日南町,,,,,muni-31401
31402,鳥取県,日野町,,,,,muni-31402
31403,鳥取県,江府町,,,,,muni-31403
32201,島根県,松江市,,,,,muni-32201
32202,島根県,浜田市,,,,,muni-32202
32203,島根県,出雲市,,,,,muni-32203
32204,島根県,益田市,,,,,muni-32204
32205,島根県,大田市,,,,,muni-32205
32206,島根県,安来市,,,,,muni-32206
32207,島根県,江津市,,,,,muni-32207
32209,島根県,雲南市,,,,,muni-32209
32343,島根県,奥出雲町,,,,,muni-32343
32386,島根県,飯南町,,,,,muni-32386
32441,島根県,川本町,,,,,muni-32441
32448,島根県,美郷町,,,,,muni-32448
32449,島根県,邑南町,,,,,muni-32449
32501,島根県,津和野町,,,,,muni-32501
32505,島根県,吉賀町,,,,,muni-32505
32525,島根県,海士町,,,,,muni-32525
32526,島根県,西ノ島町,,,,,muni-32526
32527,島根県,知夫村,,,,,muni-32527
32528,島根県,隠岐の島町,,,,,muni-32528
33100,岡山県,岡山市,,,,,muni-33100
33101,岡山県,岡山市北区,,,,,muni-33101
33102,岡山県,岡山市中区,,,,,muni-33102
33103,岡山県,岡山市東区,,,,,muni-33103
33104,岡山県,岡山市南区,,,,,muni-33104
33202,岡山県,倉敷市,,,,,muni-33202
33203,岡山県,津山市,,,,,muni-33203
33204,岡山県,玉野市,,,,,muni-33204
33205,岡山県,笠岡市,,,,,muni-33205
33207,岡山県,井原市,,,,,muni-33207
33208,岡山県,総社市,,,,,muni-33208
33209,岡山県,高梁市,,,,,muni-33209
33210,岡山県,新見市,,,,,muni-33210
33211,岡山県,備前市,,,,,muni-33211
33212,岡山県,瀬戸内市,,,,,muni-33212
33213,岡山県,赤磐市,,,,,muni-33213
33214,岡山県,真庭市,,,,,muni-33214
33215,岡山県,美作市,,,,,muni-33215
33216,岡山県,浅口市,,,,,muni-33216
33346,岡山県,和気町,,,,,muni-33346
33423,岡山県,早島町,,,,,muni-33423
33445,岡山県,里庄町,,,,,muni-33445
33461,岡山県,矢掛町,,,,,muni-33461
33586,岡山県,新庄村,,,,,muni-33586
33606,岡山県,鏡野町,,,,,muni-33606
33622,岡山県,勝央町,,,,,muni-33622
33623,岡山県,奈義町,,,,,muni-33623
33643,岡山県,西粟倉村,,,,,muni-33643
33663,岡山県,久米南町,,,,,muni-33663
33666,岡山県,美咲町,,,,,muni-33666
33681,岡山県,吉備中央町,,,,,muni-33681
34100,広島県,広島市,,,,,muni-34100
34101,広島県,広島市中区,,,,,muni-34101
34102,広島県,広島市東区,,,,,muni-34102
34103,広島県,広島市南区,,,,,muni-34103
34104,広島県,広島市西区,,,,,muni-34104
34105,広島県,広島市安佐南区,,,,,muni-34105
34106,広島県,広島市安佐北区,,,,,muni-34106
34107,広島県,広島市安芸区,,,,,muni-34107
34108,広島県,広島市佐伯区,,,,,muni-34108
34202,広島県,呉市,,,,,muni-34202
34203,広島県,竹原市,,,,,muni-34203
34204,広島県,三原市,,,,,muni-34204
34205,広島県,尾道市,,,,,muni-34205
34207,広島県,福山市,,,,,muni-34207
34208,広島県,府中市,,,,,muni-34208
34209,広島県,三次市,,,,,muni-34209
34210,広島県,庄原市,,,,,muni-34210
34211,広島県,大竹市,,,,,muni-34211
34212,広島県,東広島市,,,,,muni-34212
34213,広島県,廿日市市,,,,,muni-34213
34214,広島県,安芸高田市,,,,,muni-34214
34215,広島県,江田島市,,,,,muni-34215
34302,広島県,府中町,,,,,muni-34302
34304,広島県,海田町,,,,,muni-34304
34307,広島県,熊野町,,,,,muni-34307
34309,広島県,坂町,,,,,muni-34309
34368,広島県,安芸太田町,,,,,muni-34368
34369,広島県,北広島町,,,,,muni-34369
34431,広島県,大崎上島町,,,,,muni-34431
34462,広島県,世羅町,,,,,muni-34462
34545,広島県,神石高原町,,,,,muni-34545
35201,山口県,下関市,,,,,muni-35201
35202,山口県,宇部市,,,,,muni-35202
35203,山口県,山口市,,,,,muni-35203
35204,山口県,萩市,,,,,muni-35204
35206,山口県,防府市,,,,,muni-35206
35207,山口県,下松市,,,,,muni-35207
35208,山口県,岩国市,,,,,muni-35208
35210,山口県,光市,,,,,muni-35210
35211,山口県,長門市,,,,,muni-35211
35212,山口県,柳井市,,,,,muni-35212
35213,山口県,美祢市,,,,,muni-35213
35215,山口県,周南市,,,,,muni-35215
35216,山口県,山陽小野田市,,,,,muni-35216
35305,山口県,周防大島町,,,,,muni-35305
35321,山口県,和木町,,,,,muni-35321
35341,山口県,上関町,,,,,muni-35341
35343,山口県,田布施町,,,,,muni-35343
35344,山口県,平生町,,,,,muni-35344
35502,山口県,阿武町,,,,,muni-35502
36201,徳島県,徳島市,,,,,muni-36201
36202,徳島県,鳴門市,,,,,muni-36202
36203,徳島県,小松島市,,,,,muni-36203
36204,徳島県,阿南市,,,,,muni-36204
36205,徳島県,吉野川市,,,,,muni-36205
36206,徳島県,阿波市,,,,,muni-36206
36207,徳島県,美馬市,,,,,muni-36207
36208,徳島県,三好市,,,,,muni-36208
36301,徳島県,勝浦町,,,,,muni-36301
36302,徳島県,上勝町,,,,,muni-36302
36321,徳島県,佐那河内村,,,,,muni-36321
36341,徳島県,石井町,,,,,muni-36341
36342,徳島県,神山町,,,,,muni-36342
36368,徳島県,那賀町,,,,,muni-36368
36383,徳島県,牟岐町,,,,,muni-36383
36387,徳島県,美波町,,,,,muni-36387
36388,徳島県,海陽町,,,,,muni-36388
36401,徳島県,松茂町,,,,,muni-36401
36402,徳島県,北島町,,,,,muni-36402
36403,徳島県,藍住町,,,,,muni-36403
36404,徳島県,板野町,,,,,muni-36404
36405,徳島県,上板町,,,,,muni-36405
36468,徳島県,つるぎ町,,,,,muni-36468
36489,徳島県,東みよし町,,,,,muni-36489
37201,香川県,高松市,,,,,muni-37201
37202,香川県,丸亀市,,,,,muni-37202
37203,香川県,坂出市,,,,,muni-37203
37204,香川県,善通寺市,,,,,muni-37204
37205,香川県,観音寺市,,,,,muni-37205
37206,香川県,さぬき市,,,,,muni-37206
37207,香川県,東かがわ市,,,,,muni-37207
37208,香川県,三豊市,,,,,muni-37208
37322,香川県,土庄町,,,,,muni-37322
37324,香川県,小豆島町,,,,,muni-37324
37341,香川県,三木町,,,,,muni-37341
37364,香川県,直島町,,,,,muni-37364
37386,香川県,宇多津町,,,,,muni-37386
37387,香川県,綾川町,,,,,muni-37387
37403,香川県,琴平町,,,,,muni-37403
37404,香川県,多度津町,,,,,muni-37404
37406,香川県,まんのう町,,,,,muni-37406
38201,愛媛県,松山市,,,,,muni-38201
38202,愛媛県,今治市,,,,,muni-38202
38203,愛媛県,宇和島市,,,,,muni-38203
38204,愛媛県,八幡浜市,,,,,muni-38204
38205,愛媛県,新居浜市,,,,,muni-38205
38206,愛媛県,西条市,,,,,muni-38206
38207,愛媛県,大洲市,,,,,muni-38207
38210,愛媛県,伊予市,,,,,muni-38210
38213,愛媛県,四国中央市,,,,,muni-38213
38214,愛媛県,西予市,,,,,muni-38214
38215,愛媛県,東温市,,,,,muni-38215
38356,愛媛県,上島町,,,,,muni-38356
38386,愛媛県,久万高原町,,,,,muni-38386
38401,愛媛県,松前町,,,,,muni-38401
38402,愛媛県,砥部町,,,,,muni-38402
38422,愛媛県,内子町,,,,,muni-38422
38442,愛媛県,伊方町,,,,,muni-38442
38484,愛媛県,松野町,,,,,muni-38484
38488,愛媛県,鬼北町,,,,,muni-38488
38506,愛媛県,愛南町,,,,,muni-38506
39201,高知県,高知市,,,,,muni-39201
39202,高知県,室戸市,,,,,muni-39202
39203,高知県,安芸市,,,,,muni-39203
39204,高知県,南国市,,,,,muni-39204
39205,高知県,土佐市,,,,,muni-39205
39206,高知県,須崎市,,,,,muni-39206
39208,高知県,宿毛市,,,,,muni-39208
39209,高知県,土佐清水市,,,,,muni-39209
39210,高知県,四万十市,,,,,muni-39210
39211,高知県,香南市,,,,,muni-39211
39212,高知県,香美市,,,,,muni-39212
39301,高知県,東洋町,,,,,muni-39301
39302,高知県,奈半利町,,,,,muni-39302
39303,高知県,田野町,,,,,muni-39303
39304,高知県,安田町,,,,,muni-39304
39305,高知県,北川村,,,,,muni-39305
39306,高知県,馬路村,,,,,muni-39306
39307,高知県,芸西村,,,,,muni-39307
39341,高知県,本山町,,,,,muni-39341
39344,高知県,大豊町,,,,,muni-39344
39363,高知県,土佐町,,,,,muni-39363
39364,高知県,大川村,,,,,muni-39364
39386,高知県,いの町,,,,,muni-39386
39387,高知県,仁淀川町,,,,,muni-39387
39401,高知県,中土佐町,,,,,muni-39401
39402,高知県,佐川町,,,,,muni-39402
39403,高知県,越知町,,,,,muni-39403
39405,高知県,梼原町,,,,,muni-39405
39410,高知県,日高村,,,,,muni-39410
39411,高知県,津野町,,,,,muni-39411
39412,高知県,四万十町,,,,,muni-39412
39424,高知県,大月町,,,,,muni-39424
39427,高知県,三原村,,,,,muni-39427
39428,高知県,黒潮町,,,,,muni-39428
40100,福岡県,北九州市,,,,,muni-40100
40101,福岡県,北九州市門司区,,,,,muni-40101
40103,福岡県,北九州市若松区,,,,,muni-40103
40105,福岡県,北九州市戸畑区,,,,,muni-40105
40106,福岡県,北九州市小倉北区,,,,,muni-40106
40107,福岡県,北九州市小倉南区,,,,,muni-40107
40108,福岡県,北九州市八幡東区,,,,,muni-40108
40109,福岡県,北九州市八幡西区,,,,,muni-40109
40130,福岡県,福岡市,,,,,muni-40130
40131,福岡県,福岡市東区,,,,,muni-40131
40132,福岡県,福岡市博多区,,,,,muni-40132
40133,福岡県,福岡市中央区,,,,,muni-40133
40134,福岡県,福岡市南区,,,,,muni-40134
40135,福岡県,福岡市西区,,,,,muni-40135
40136,福岡県,福岡市城南区,,,,,muni-40136
40137,福岡県,福岡市早良区,,,,,muni-40137
40202,福岡県,大牟田市,,,,,muni-40202
40203,福岡県,久留米市,,,,,muni-40203
40204,福岡県,直方市,,,,,muni-40204
40205,福岡県,飯塚市,,,,,muni-40205
40206,福岡県,田川市,,,,,muni-40206
40207,福岡県,柳川市,,,,,muni-40207
40210,福岡県,八女市,,,,,muni-40210
40211,福岡県,筑後市,,,,,muni-40211
40212,福岡県,大川市,,,,,muni-40212
40213,福岡県,行橋市,,,,,muni-40213
40214,福岡県,豊前市,,,,,muni-40214
40215,福岡県,中間市,,,,,muni-40215
40216,福岡県,小郡市,,,,,muni-40216
40217,福岡県,筑紫野市,,,,,muni-40217
40218,福岡県,春日市,,,,,muni-40218
40219,福岡県,大野城市,,,,,muni-40219
40220,福岡県,宗像市,,,,,muni-40220
40221,福岡県,太宰府市,,,,,muni-40221
40223,福岡県,古賀市,,,,,muni-40223
40224,福岡県,福津市,,,,,muni-40224
40225,福岡県,うきは市,,,,,muni-40225
40226,福岡県,宮若市,,,,,muni-40226
40227,福岡県,嘉麻市,,,,,muni-40227
40228,福岡県,朝倉市,,,,,muni-40228
40229,福岡県,みやま市,,,,,muni-40229
40230,福岡県,糸島市,,,,,muni-40230
40231,福岡県,那珂川市,,,,,muni-40231
40341,福岡県,宇美町,,,,,muni-40341
40342,福岡県,篠栗町,,,,,muni-40342
40343,福岡県,志免町,,,,,muni-40343
40344,福岡県,須恵町,,,,,muni-40344
40345,福岡県,新宮町,,,,,muni-40345
40348,福岡県,久山町,,,,,muni-40348
40349,福岡県,粕屋町,,,,,muni-40349
40381,福岡県,芦屋町,,,,,muni-40381
40382,福岡県,水巻町,,,,,muni-40382
40383,福岡県,岡垣町,,,,,muni-40383
40384,福岡県,遠賀町,,,,,muni-40384
40401,福岡県,小竹町,,,,,muni-40401
40402,福岡県,鞍手町,,,,,muni-40402
40421,福岡県,桂川町,,,,,muni-40421
40447,福岡県,筑前町,,,,,muni-40447
40448,福岡県,東峰村,,,,,muni-40448
40503,福岡県,大刀洗町,,,,,muni-40503
40522,福岡県,大木町,,,,,muni-40522
40544,福岡県,広川町,,,,,muni-40544
40601,福岡県,香春町,,,,,muni-40601
40602,福岡県,添田町,,,,,muni-40602
40604,福岡県,糸田町,,,,,muni-40604
40605,福岡県,川崎町,,,,,muni-40605
40608,福岡県,大任町,,,,,muni-40608
40609,福岡県,赤村,,,,,muni-40609
40610,福岡県,福智町,,,,,muni-40610
40621,福岡県,苅田町,,,,,muni-40621
40625,福岡県,みやこ町,,,,,muni-40625
40642,福岡県,吉富町,,,,,muni-40642
40646,福岡県,上毛町,,,,,muni-40646
40647,福岡県,築上町,,,,,muni-40647
41201,佐賀県,佐賀市,,,,,muni-41201
41202,佐賀県,唐津市,,,,,muni-41202
41203,佐賀県,鳥栖市,,,,,muni-41203
41204,佐賀県,多久市,,,,,muni-41204
41205,佐賀県,伊万里市,,,,,muni-41205
41206,佐賀県,武雄市,,,,,muni-41206
41207,佐賀県,鹿島市,,,,,muni-41207
41208,佐賀県,小城市,,,,,muni-41208
41209,佐賀県,嬉野市,,,,,muni-41209
41210,佐賀県,神埼市,,,,,muni-41210
41327,佐賀県,吉野ヶ里町,,,,,muni-41327
41341,佐賀県,基山町,,,,,muni-41341
41345,佐賀県,上峰町,,,,,muni-41345
41346,佐賀県,みやき町,,,,,muni-41346
41387,佐賀県,玄海町,,,,,muni-41387
41401,佐賀県,有田町,,,,,muni-41401
41423,佐賀県,大町町,,,,,muni-41423
41424,佐賀県,江北町,,,,,muni-41424
41425,佐賀県,白石町,,,,,muni-41425
41441,佐賀県,太良町,,,,,muni-41441
42201,長崎県,長崎市,,,,,muni-42201
42202,長崎県,佐世保市,,,,,muni-42202
42203,長崎県,島原市,,,,,muni-42203
42204,長崎県,諫早市,,,,,muni-42204
42205,長崎県,大村市,,,,,muni-42205
42207,長崎県,平戸市,,,,,muni-42207
42208,長崎県,松浦市,,,,,muni-42208
42209,長崎県,対馬市,,,,,muni-42209
42210,長崎県,壱岐市,,,,,muni-42210
42211,長崎県,五島市,,,,,muni-42211
42212,長崎県,西海市,,,,,muni-42212
42213,長崎県,雲仙市,,,,,muni-42213
42214,長崎県,南島原市,,,,,muni-42214
42307,長崎県,長与町,,,,,muni-42307
42308,長崎県,時津町,,,,,muni-42308
42321,長崎県,東彼杵町,,,,,muni-42321
42322,長崎県,川棚町,,,,,muni-42322
42323,長崎県,波佐見町,,,,,muni-42323
42383,長崎県,小値賀町,,,,,muni-42383
42391,長崎県,佐々町,,,,,muni-42391
42411,長崎県,新上五島町,,,,,muni-42411
43100,熊本県,熊本市,,,,,muni-43100
43101,熊本県,熊本市中央区,,,,,muni-43101
43102,熊本県,熊本市東区,,,,,muni-43102
43103,熊本県,熊本市西区,,,,,muni-43103
43104,熊本県,熊本市南区,,,,,muni-43104
43105,熊本県,熊本市北区,,,,,muni-43105
43202,熊本県,八代市,,,,,muni-43202
43203,熊本県,人吉市,,,,,muni-43203
43204,熊本県,荒尾市,,,,,muni-43204
43205,熊本県,水俣市,,,,,muni-43205
43206,熊本県,玉名市,,,,,muni-43206
43208,熊本県,山鹿市,,,,,muni-43208
43210,熊本県,菊池市,,,,,muni-43210
43211,熊本県,宇土市,,,,,muni-43211
43212,熊本県,上天草市,,,,,muni-43212
43213,熊本県,宇城市,,,,,muni-43213
43214,熊本県,阿蘇市,,,,,muni-43214
43215,熊本県,天草市,,,,,muni-43215
43216,熊本県,合志市,,,,,muni-43216
43348,熊本県,美里町,,,,,muni-43348
43364,熊本県,玉東町,,,,,muni-43364
43367,熊本県,南関町,,,,,muni-43367
43368,熊本県,長洲町,,,,,muni-43368
43369,熊本県,和水町,,,,,muni-43369
43403,熊本県,大津町,,,,,muni-43403
43404,熊本県,菊陽町,,,,,muni-43404
43423,熊本県,南小国町,,,,,muni-43423
43424,熊本県,小国町,,,,,muni-43424
43425,熊本県,産山村,,,,,muni-43425
43428,熊本県,高森町,,,,,muni-43428
43432,熊本県,西原村,,,,,muni-43432
43433,熊本県,南阿蘇村,,,,,muni-43433
43441,熊本県,御船町,,,,,muni-43441
43442,熊本県,嘉島町,,,,,muni-43442
43443,熊本県,益城町,,,,,muni-43443
43444,熊本県,甲佐町,,,,,muni-43444
43447,熊本県,山都町,,,,,muni-43447
43468,熊本県,氷川町,,,,,muni-43468
43482,熊本県,芦北町,,,,,muni-43482
43484,熊本県,津奈木町,,,,,muni-43484
43501,熊本県,錦町,,,,,muni-43501
43505,熊本県,多良木町,,,,,muni-43505
43506,熊本県,湯前町,,,,,muni-43506
43507,熊本県,水上村,,,,,muni-43507
43510,熊本県,相良村,,,,,muni-43510
43511,熊本県,五木村,,,,,muni-43511
43512,熊本県,山江村,,,,,muni-43512
43513,熊本県,球磨村,,,,,muni-43513
43514,熊本県,あさぎり町,,,,,muni-43514
43531,熊本県,苓北町,,,,,muni-43531
44201,大分県,大分市,,,,,muni-44201
44202,大分県,別府市,,,,,muni-44202
44203,大分県,中津市,,,,,muni-44203
44204,大分県,日田市,,,,,muni-44204
44205,大分県,佐伯市,,,,,muni-44205
44206,大分県,臼杵市,,,,,muni-44206
44207,大分県,津久見市,,,,,muni-44207
44208,大分県,竹田市,,,,,muni-44208
44209,大分県,豊後高田市,,,,,muni-44209
44210,大分県,杵築市,,,,,muni-44210
44211,大分県,宇佐市,,,,,muni-44211
44212,大分県,豊後大野市,,,,,muni-44212
44213,大分県,由布市,,,,,muni-44213
44214,大分県,国東市,,,,,muni-44214
44322,大分県,姫島村,,,,,muni-44322
44341,大分県,日出町,,,,,muni-44341
44461,大分県,九重町,,,,,muni-44461
44462,大分県,玖珠町,,,,,muni-44462
45201,宮崎県,宮崎市,,,,,muni-45201
45202,宮崎県,都城市,,,,,muni-45202
45203,宮崎県,延岡市,,,,,muni-45203
45204,宮崎県,日南市,,,,,muni-45204
45205,宮崎県,小林市,,,,,muni-45205
45206,宮崎県,日向市,,,,,muni-45206
45207,宮崎県,串間市,,,,,muni-45207
45208,宮崎県,西都市,,,,,muni-45208
45209,宮崎県,えびの市,,,,,muni-45209
45341,宮崎県,三股町,,,,,muni-45341
45361,宮崎県,高原町,,,,,muni-45361
45382,宮崎県,国富町,,,,,muni-45382
45383,宮崎県,綾町,,,,,muni-45383
45401,宮崎県,高鍋町,,,,,muni-45401
45402,宮崎県,新富町,,,,,muni-45402
45403,宮崎県,西米良村,,,,,muni-45403
45404,宮崎県,木城町,,,,,muni-45404
45405,宮崎県,川南町,,,,,muni-45405
45406,宮崎県,都農町,,,,,muni-45406
45421,宮崎県,門川町,,,,,muni-45421
45429,宮崎県,諸塚村,,,,,muni-45429
45430,宮崎県,椎葉村,,,,,muni-45430
45431,宮崎県,美郷町,,,,,muni-45431
45441,宮崎県,高千穂町,,,,,muni-45441
45442,宮崎県,日之影町,,,,,muni-45442
45443,宮崎県,五ヶ瀬町,,,,,muni-45443
46201,鹿児島県,鹿児島市,,,,,muni-46201
46203,鹿児島県,鹿屋市,,,,,muni-46203
46204,鹿児島県,枕崎市,,,,,muni-46204
46206,鹿児島県,阿久根市,,,,,muni-46206
46208,鹿児島県,出水市,,,,,muni-46208
46210,鹿児島県,指宿市,,,,,muni-46210
46213,鹿児島県,西之表市,,,,,muni-46213
46214,鹿児島県,垂水市,,,,,muni-46214
46215,鹿児島県,薩摩川内市,,,,,muni-46215
46216,鹿児島県,日置市,,,,,muni-46216
46217,鹿児島県,曽於市,,,,,muni-46217
46218,鹿児島県,霧島市,,,,,muni-46218
46219,鹿児島県,いちき串木野市,,,,,muni-46219
46220,鹿児島県,南さつま市,,,,,muni-46220
46221,鹿児島県,志布志市,,,,,muni-46221
46222,鹿児島県,奄美市,,,,,muni-46222
46223,鹿児島県,南九州市,,,,,muni-46223
46224,鹿児島県,伊佐市,,,,,muni-46224
46225,鹿児島県,姶良市,,,,,muni-46225
46303,鹿児島県,三島村,,,,,muni-46303
46304,鹿児島県,十島村,,,,,muni-46304
46392,鹿児島県,さつま町,,,,,muni-46392
46404,鹿児島県,長島町,,,,,muni-46404
46452,鹿児島県,湧水町,,,,,muni-46452
46468,鹿児島県,大崎町,,,,,muni-46468
46482,鹿児島県,東串良町,,,,,muni-46482
46490,鹿児島県,錦江町,,,,,muni-46490
46491,鹿児島県,南大隅町,,,,,muni-46491
46492,鹿児島県,肝付町,,,,,muni-46492
46501,鹿児島県,中種子町,,,,,muni-46501
46502,鹿児島県,南種子町,,,,,muni-46502
46505,鹿児島県,屋久島町,,,,,muni-46505
46523,鹿児島県,大和村,,,,,muni-46523
46524,鹿児島県,宇検村,,,,,muni-46524
46525,鹿児島県,瀬戸内町,,,,,muni-46525
46527,鹿児島県,龍郷町,,,,,muni-46527
46529,鹿児島県,喜界町,,,,,muni-46529
46530,鹿児島県,徳之島町,,,,,muni-46530
46531,鹿児島県,天城町,,,,,muni-46531
46532,鹿児島県,伊仙町,,,,,muni-46532
46533,鹿児島県,和泊町,,,,,muni-46533
46534,鹿児島県,知名町,,,,,muni-46534
46535,鹿児島県,与論町,,,,,muni-46535
47201,沖縄県,那覇市,,,,,muni-47201
47205,沖縄県,宜野湾市,,,,,muni-47205
47207,沖縄県,石垣市,,,,,muni-47207
47208,沖縄県,浦添市,,,,,muni-47208
47209,沖縄県,名護市,,,,,muni-47209
47210,沖縄県,糸満市,,,,,muni-47210
47211,沖縄県,沖縄市,,,,,muni-47211
47212,沖縄県,豊見城市,,,,,muni-47212
47213,沖縄県,うるま市,,,,,muni-47213
47214,沖縄県,宮古島市,,,,,muni-47214
47215,沖縄県,南城市,,,,,muni-47215
47301,沖縄県,国頭村,,,,,muni-47301
47302,沖縄県,大宜味村,,,,,muni-47302
47303,沖縄県,東村,,,,,muni-47303
47306,沖縄県,今帰仁村,,,,,muni-47306
47308,沖縄県,本部町,,,,,muni-47308
47311,沖縄県,恩納村,,,,,muni-47311
47313,沖縄県,宜野座村,,,,,muni-47313
47314,沖縄県,金武町,,,,,muni-47314
47315,沖縄県,伊江村,,,,,muni-47315
47324,沖縄県,読谷村,,,,,muni-47324
47325,沖縄県,嘉手納町,,,,,muni-47325
47326,沖縄県,北谷町,,,,,muni-47326
47327,沖縄県,北中城村,,,,,muni-47327
47328,沖縄県,中城村,,,,,muni-47328
47329,沖縄県,西原町,,,,,muni-47329
47348,沖縄県,与那原町,,,,,muni-47348
47350,沖縄県,南風原町,,,,,muni-47350
47353,沖縄県,渡嘉敷村,,,,,muni-47353
47354,沖縄県,座間味村,,,,,muni-47354
47355,沖縄県,粟国村,,,,,muni-47355
47356,沖縄県,渡名喜村,,,,,muni-47356
47357,沖縄県,南大東村,,,,,muni-47357
47358,沖縄県,北大東村,,,,,muni-47358
47359,沖縄県,伊平屋村,,,,,muni-47359
47360,沖縄県,伊是名村,,,,,muni-47360
47361,沖縄県,久米島町,,,,,muni-47361
47362,沖縄県,八重瀬町,,,,,muni-47362
47375,沖縄県,多良間村,,,,,muni-47375
47381,沖縄県,竹富町,,,,,muni-47381
47382,沖縄県,与那国町,,,,,muni-47382
